Individual ID,Population,Super population,Population Details,Super population Details
HG00096,GBR,EUR,British,European
HG00097,GBR,EUR,British,European
HG00099,GBR,EUR,British,European
HG00100,GBR,EUR,British,European
HG00101,GBR,EUR,British,European
HG00102,GBR,EUR,British,European
HG00103,GBR,EUR,British,European
HG00105,GBR,EUR,British,European
HG00106,GBR,EUR,British,European
HG00107,GBR,EUR,British,European
HG00108,GBR,EUR,British,European
HG00109,GBR,EUR,British,European
HG00110,GBR,EUR,British,European
HG00111,GBR,EUR,British,European
HG00112,GBR,EUR,British,European
HG00113,GBR,EUR,British,European
HG00114,GBR,EUR,British,European
HG00115,GBR,EUR,British,European
HG00116,GBR,EUR,British,European
HG00117,GBR,EUR,British,European
HG00118,GBR,EUR,British,European
HG00119,GBR,EUR,British,European
HG00120,GBR,EUR,British,European
HG00121,GBR,EUR,British,European
HG00122,GBR,EUR,British,European
HG00123,GBR,EUR,British,European
HG00125,GBR,EUR,British,European
HG00126,GBR,EUR,British,European
HG00127,GBR,EUR,British,European
HG00128,GBR,EUR,British,European
HG00129,GBR,EUR,British,European
HG00130,GBR,EUR,British,European
HG00131,GBR,EUR,British,European
HG00132,GBR,EUR,British,European
HG00133,GBR,EUR,British,European
HG00136,GBR,EUR,British,European
HG00137,GBR,EUR,British,European
HG00138,GBR,EUR,British,European
HG00139,GBR,EUR,British,European
HG00140,GBR,EUR,British,European
HG00141,GBR,EUR,British,European
HG00142,GBR,EUR,British,European
HG00143,GBR,EUR,British,European
HG00145,GBR,EUR,British,European
HG00146,GBR,EUR,British,European
HG00148,GBR,EUR,British,European
HG00149,GBR,EUR,British,European
HG00150,GBR,EUR,British,European
HG00151,GBR,EUR,British,European
HG00154,GBR,EUR,British,European
HG00155,GBR,EUR,British,European
HG00157,GBR,EUR,British,European
HG00158,GBR,EUR,British,European
HG00159,GBR,EUR,British,European
HG00160,GBR,EUR,British,European
HG00171,FIN,EUR,Finnish,European
HG00173,FIN,EUR,Finnish,European
HG00174,FIN,EUR,Finnish,European
HG00176,FIN,EUR,Finnish,European
HG00177,FIN,EUR,Finnish,European
HG00178,FIN,EUR,Finnish,European
HG00179,FIN,EUR,Finnish,European
HG00180,FIN,EUR,Finnish,European
HG00181,FIN,EUR,Finnish,European
HG00182,FIN,EUR,Finnish,European
HG00183,FIN,EUR,Finnish,European
HG00185,FIN,EUR,Finnish,European
HG00186,FIN,EUR,Finnish,European
HG00187,FIN,EUR,Finnish,European
HG00188,FIN,EUR,Finnish,European
HG00189,FIN,EUR,Finnish,European
HG00190,FIN,EUR,Finnish,European
HG00231,GBR,EUR,British,European
HG00232,GBR,EUR,British,European
HG00233,GBR,EUR,British,European
HG00234,GBR,EUR,British,European
HG00235,GBR,EUR,British,European
HG00236,GBR,EUR,British,European
HG00237,GBR,EUR,British,European
HG00238,GBR,EUR,British,European
HG00239,GBR,EUR,British,European
HG00240,GBR,EUR,British,European
HG00242,GBR,EUR,British,European
HG00243,GBR,EUR,British,European
HG00244,GBR,EUR,British,European
HG00245,GBR,EUR,British,European
HG00246,GBR,EUR,British,European
HG00250,GBR,EUR,British,European
HG00251,GBR,EUR,British,European
HG00252,GBR,EUR,British,European
HG00253,GBR,EUR,British,European
HG00254,GBR,EUR,British,European
HG00255,GBR,EUR,British,European
HG00256,GBR,EUR,British,European
HG00257,GBR,EUR,British,European
HG00258,GBR,EUR,British,European
HG00259,GBR,EUR,British,European
HG00260,GBR,EUR,British,European
HG00261,GBR,EUR,British,European
HG00262,GBR,EUR,British,European
HG00263,GBR,EUR,British,European
HG00264,GBR,EUR,British,European
HG00265,GBR,EUR,British,European
HG00266,FIN,EUR,Finnish,European
HG00267,FIN,EUR,Finnish,European
HG00268,FIN,EUR,Finnish,European
HG00269,FIN,EUR,Finnish,European
HG00271,FIN,EUR,Finnish,European
HG00272,FIN,EUR,Finnish,European
HG00273,FIN,EUR,Finnish,European
HG00274,FIN,EUR,Finnish,European
HG00275,FIN,EUR,Finnish,European
HG00276,FIN,EUR,Finnish,European
HG00277,FIN,EUR,Finnish,European
HG00278,FIN,EUR,Finnish,European
HG00280,FIN,EUR,Finnish,European
HG00281,FIN,EUR,Finnish,European
HG00282,FIN,EUR,Finnish,European
HG00284,FIN,EUR,Finnish,European
HG00285,FIN,EUR,Finnish,European
HG00288,FIN,EUR,Finnish,European
HG00290,FIN,EUR,Finnish,European
HG00304,FIN,EUR,Finnish,European
HG00306,FIN,EUR,Finnish,European
HG00308,FIN,EUR,Finnish,European
HG00309,FIN,EUR,Finnish,European
HG00310,FIN,EUR,Finnish,European
HG00311,FIN,EUR,Finnish,European
HG00313,FIN,EUR,Finnish,European
HG00315,FIN,EUR,Finnish,European
HG00318,FIN,EUR,Finnish,European
HG00319,FIN,EUR,Finnish,European
HG00320,FIN,EUR,Finnish,European
HG00321,FIN,EUR,Finnish,European
HG00323,FIN,EUR,Finnish,European
HG00324,FIN,EUR,Finnish,European
HG00325,FIN,EUR,Finnish,European
HG00326,FIN,EUR,Finnish,European
HG00327,FIN,EUR,Finnish,European
HG00328,FIN,EUR,Finnish,European
HG00329,FIN,EUR,Finnish,European
HG00330,FIN,EUR,Finnish,European
HG00331,FIN,EUR,Finnish,European
HG00332,FIN,EUR,Finnish,European
HG00334,FIN,EUR,Finnish,European
HG00335,FIN,EUR,Finnish,European
HG00336,FIN,EUR,Finnish,European
HG00337,FIN,EUR,Finnish,European
HG00338,FIN,EUR,Finnish,European
HG00339,FIN,EUR,Finnish,European
HG00341,FIN,EUR,Finnish,European
HG00342,FIN,EUR,Finnish,European
HG00343,FIN,EUR,Finnish,European
HG00344,FIN,EUR,Finnish,European
HG00345,FIN,EUR,Finnish,European
HG00346,FIN,EUR,Finnish,European
HG00349,FIN,EUR,Finnish,European
HG00350,FIN,EUR,Finnish,European
HG00351,FIN,EUR,Finnish,European
HG00353,FIN,EUR,Finnish,European
HG00355,FIN,EUR,Finnish,European
HG00356,FIN,EUR,Finnish,European
HG00357,FIN,EUR,Finnish,European
HG00358,FIN,EUR,Finnish,European
HG00360,FIN,EUR,Finnish,European
HG00361,FIN,EUR,Finnish,European
HG00362,FIN,EUR,Finnish,European
HG00364,FIN,EUR,Finnish,European
HG00365,FIN,EUR,Finnish,European
HG00366,FIN,EUR,Finnish,European
HG00367,FIN,EUR,Finnish,European
HG00368,FIN,EUR,Finnish,European
HG00369,FIN,EUR,Finnish,European
HG00371,FIN,EUR,Finnish,European
HG00372,FIN,EUR,Finnish,European
HG00373,FIN,EUR,Finnish,European
HG00375,FIN,EUR,Finnish,European
HG00376,FIN,EUR,Finnish,European
HG00378,FIN,EUR,Finnish,European
HG00379,FIN,EUR,Finnish,European
HG00380,FIN,EUR,Finnish,European
HG00381,FIN,EUR,Finnish,European
HG00382,FIN,EUR,Finnish,European
HG00383,FIN,EUR,Finnish,European
HG00384,FIN,EUR,Finnish,European
HG00403,CHS,EAS,Southern Han Chinese,East Asian
HG00404,CHS,EAS,Southern Han Chinese,East Asian
HG00406,CHS,EAS,Southern Han Chinese,East Asian
HG00407,CHS,EAS,Southern Han Chinese,East Asian
HG00409,CHS,EAS,Southern Han Chinese,East Asian
HG00410,CHS,EAS,Southern Han Chinese,East Asian
HG00419,CHS,EAS,Southern Han Chinese,East Asian
HG00421,CHS,EAS,Southern Han Chinese,East Asian
HG00422,CHS,EAS,Southern Han Chinese,East Asian
HG00428,CHS,EAS,Southern Han Chinese,East Asian
HG00436,CHS,EAS,Southern Han Chinese,East Asian
HG00437,CHS,EAS,Southern Han Chinese,East Asian
HG00442,CHS,EAS,Southern Han Chinese,East Asian
HG00443,CHS,EAS,Southern Han Chinese,East Asian
HG00445,CHS,EAS,Southern Han Chinese,East Asian
HG00446,CHS,EAS,Southern Han Chinese,East Asian
HG00448,CHS,EAS,Southern Han Chinese,East Asian
HG00449,CHS,EAS,Southern Han Chinese,East Asian
HG00451,CHS,EAS,Southern Han Chinese,East Asian
HG00452,CHS,EAS,Southern Han Chinese,East Asian
HG00457,CHS,EAS,Southern Han Chinese,East Asian
HG00458,CHS,EAS,Southern Han Chinese,East Asian
HG00463,CHS,EAS,Southern Han Chinese,East Asian
HG00464,CHS,EAS,Southern Han Chinese,East Asian
HG00472,CHS,EAS,Southern Han Chinese,East Asian
HG00473,CHS,EAS,Southern Han Chinese,East Asian
HG00475,CHS,EAS,Southern Han Chinese,East Asian
HG00476,CHS,EAS,Southern Han Chinese,East Asian
HG00478,CHS,EAS,Southern Han Chinese,East Asian
HG00479,CHS,EAS,Southern Han Chinese,East Asian
HG00500,CHS,EAS,Southern Han Chinese,East Asian
HG00513,CHS,EAS,Southern Han Chinese,East Asian
HG00524,CHS,EAS,Southern Han Chinese,East Asian
HG00525,CHS,EAS,Southern Han Chinese,East Asian
HG00530,CHS,EAS,Southern Han Chinese,East Asian
HG00531,CHS,EAS,Southern Han Chinese,East Asian
HG00533,CHS,EAS,Southern Han Chinese,East Asian
HG00534,CHS,EAS,Southern Han Chinese,East Asian
HG00536,CHS,EAS,Southern Han Chinese,East Asian
HG00537,CHS,EAS,Southern Han Chinese,East Asian
HG00542,CHS,EAS,Southern Han Chinese,East Asian
HG00543,CHS,EAS,Southern Han Chinese,East Asian
HG00551,PUR,AMR,Puerto Rican,American
HG00553,PUR,AMR,Puerto Rican,American
HG00554,PUR,AMR,Puerto Rican,American
HG00556,CHS,EAS,Southern Han Chinese,East Asian
HG00557,CHS,EAS,Southern Han Chinese,East Asian
HG00559,CHS,EAS,Southern Han Chinese,East Asian
HG00560,CHS,EAS,Southern Han Chinese,East Asian
HG00565,CHS,EAS,Southern Han Chinese,East Asian
HG00566,CHS,EAS,Southern Han Chinese,East Asian
HG00580,CHS,EAS,Southern Han Chinese,East Asian
HG00581,CHS,EAS,Southern Han Chinese,East Asian
HG00583,CHS,EAS,Southern Han Chinese,East Asian
HG00584,CHS,EAS,Southern Han Chinese,East Asian
HG00589,CHS,EAS,Southern Han Chinese,East Asian
HG00590,CHS,EAS,Southern Han Chinese,East Asian
HG00592,CHS,EAS,Southern Han Chinese,East Asian
HG00593,CHS,EAS,Southern Han Chinese,East Asian
HG00595,CHS,EAS,Southern Han Chinese,East Asian
HG00596,CHS,EAS,Southern Han Chinese,East Asian
HG00598,CHS,EAS,Southern Han Chinese,East Asian
HG00599,CHS,EAS,Southern Han Chinese,East Asian
HG00607,CHS,EAS,Southern Han Chinese,East Asian
HG00608,CHS,EAS,Southern Han Chinese,East Asian
HG00610,CHS,EAS,Southern Han Chinese,East Asian
HG00611,CHS,EAS,Southern Han Chinese,East Asian
HG00613,CHS,EAS,Southern Han Chinese,East Asian
HG00614,CHS,EAS,Southern Han Chinese,East Asian
HG00619,CHS,EAS,Southern Han Chinese,East Asian
HG00620,CHS,EAS,Southern Han Chinese,East Asian
HG00622,CHS,EAS,Southern Han Chinese,East Asian
HG00623,CHS,EAS,Southern Han Chinese,East Asian
HG00625,CHS,EAS,Southern Han Chinese,East Asian
HG00626,CHS,EAS,Southern Han Chinese,East Asian
HG00628,CHS,EAS,Southern Han Chinese,East Asian
HG00629,CHS,EAS,Southern Han Chinese,East Asian
HG00631,CHS,EAS,Southern Han Chinese,East Asian
HG00632,CHS,EAS,Southern Han Chinese,East Asian
HG00634,CHS,EAS,Southern Han Chinese,East Asian
HG00637,PUR,AMR,Puerto Rican,American
HG00638,PUR,AMR,Puerto Rican,American
HG00640,PUR,AMR,Puerto Rican,American
HG00641,PUR,AMR,Puerto Rican,American
HG00650,CHS,EAS,Southern Han Chinese,East Asian
HG00651,CHS,EAS,Southern Han Chinese,East Asian
HG00653,CHS,EAS,Southern Han Chinese,East Asian
HG00654,CHS,EAS,Southern Han Chinese,East Asian
HG00656,CHS,EAS,Southern Han Chinese,East Asian
HG00657,CHS,EAS,Southern Han Chinese,East Asian
HG00662,CHS,EAS,Southern Han Chinese,East Asian
HG00663,CHS,EAS,Southern Han Chinese,East Asian
HG00671,CHS,EAS,Southern Han Chinese,East Asian
HG00672,CHS,EAS,Southern Han Chinese,East Asian
HG00674,CHS,EAS,Southern Han Chinese,East Asian
HG00675,CHS,EAS,Southern Han Chinese,East Asian
HG00683,CHS,EAS,Southern Han Chinese,East Asian
HG00684,CHS,EAS,Southern Han Chinese,East Asian
HG00689,CHS,EAS,Southern Han Chinese,East Asian
HG00690,CHS,EAS,Southern Han Chinese,East Asian
HG00692,CHS,EAS,Southern Han Chinese,East Asian
HG00693,CHS,EAS,Southern Han Chinese,East Asian
HG00698,CHS,EAS,Southern Han Chinese,East Asian
HG00699,CHS,EAS,Southern Han Chinese,East Asian
HG00701,CHS,EAS,Southern Han Chinese,East Asian
HG00704,CHS,EAS,Southern Han Chinese,East Asian
HG00705,CHS,EAS,Southern Han Chinese,East Asian
HG00707,CHS,EAS,Southern Han Chinese,East Asian
HG00708,CHS,EAS,Southern Han Chinese,East Asian
HG00717,CHS,EAS,Southern Han Chinese,East Asian
HG00728,CHS,EAS,Southern Han Chinese,East Asian
HG00729,CHS,EAS,Southern Han Chinese,East Asian
HG00731,PUR,AMR,Puerto Rican,American
HG00732,PUR,AMR,Puerto Rican,American
HG00734,PUR,AMR,Puerto Rican,American
HG00736,PUR,AMR,Puerto Rican,American
HG00737,PUR,AMR,Puerto Rican,American
HG00739,PUR,AMR,Puerto Rican,American
HG00740,PUR,AMR,Puerto Rican,American
HG00742,PUR,AMR,Puerto Rican,American
HG00743,PUR,AMR,Puerto Rican,American
HG00759,CDX,EAS,Dai Chinese,East Asian
HG00766,CDX,EAS,Dai Chinese,East Asian
HG00844,CDX,EAS,Dai Chinese,East Asian
HG00851,CDX,EAS,Dai Chinese,East Asian
HG00864,CDX,EAS,Dai Chinese,East Asian
HG00867,CDX,EAS,Dai Chinese,East Asian
HG00879,CDX,EAS,Dai Chinese,East Asian
HG00881,CDX,EAS,Dai Chinese,East Asian
HG00956,CDX,EAS,Dai Chinese,East Asian
HG00978,CDX,EAS,Dai Chinese,East Asian
HG00982,CDX,EAS,Dai Chinese,East Asian
HG01028,CDX,EAS,Dai Chinese,East Asian
HG01029,CDX,EAS,Dai Chinese,East Asian
HG01031,CDX,EAS,Dai Chinese,East Asian
HG01046,CDX,EAS,Dai Chinese,East Asian
HG01047,PUR,AMR,Puerto Rican,American
HG01048,PUR,AMR,Puerto Rican,American
HG01049,PUR,AMR,Puerto Rican,American
HG01051,PUR,AMR,Puerto Rican,American
HG01052,PUR,AMR,Puerto Rican,American
HG01054,PUR,AMR,Puerto Rican,American
HG01055,PUR,AMR,Puerto Rican,American
HG01058,PUR,AMR,Puerto Rican,American
HG01060,PUR,AMR,Puerto Rican,American
HG01061,PUR,AMR,Puerto Rican,American
HG01063,PUR,AMR,Puerto Rican,American
HG01064,PUR,AMR,Puerto Rican,American
HG01066,PUR,AMR,Puerto Rican,American
HG01067,PUR,AMR,Puerto Rican,American
HG01069,PUR,AMR,Puerto Rican,American
HG01070,PUR,AMR,Puerto Rican,American
HG01072,PUR,AMR,Puerto Rican,American
HG01073,PUR,AMR,Puerto Rican,American
HG01075,PUR,AMR,Puerto Rican,American
HG01077,PUR,AMR,Puerto Rican,American
HG01079,PUR,AMR,Puerto Rican,American
HG01080,PUR,AMR,Puerto Rican,American
HG01082,PUR,AMR,Puerto Rican,American
HG01083,PUR,AMR,Puerto Rican,American
HG01085,PUR,AMR,Puerto Rican,American
HG01086,PUR,AMR,Puerto Rican,American
HG01088,PUR,AMR,Puerto Rican,American
HG01089,PUR,AMR,Puerto Rican,American
HG01092,PUR,AMR,Puerto Rican,American
HG01094,PUR,AMR,Puerto Rican,American
HG01095,PUR,AMR,Puerto Rican,American
HG01097,PUR,AMR,Puerto Rican,American
HG01098,PUR,AMR,Puerto Rican,American
HG01101,PUR,AMR,Puerto Rican,American
HG01102,PUR,AMR,Puerto Rican,American
HG01104,PUR,AMR,Puerto Rican,American
HG01105,PUR,AMR,Puerto Rican,American
HG01107,PUR,AMR,Puerto Rican,American
HG01108,PUR,AMR,Puerto Rican,American
HG01110,PUR,AMR,Puerto Rican,American
HG01111,PUR,AMR,Puerto Rican,American
HG01112,CLM,AMR,Colombian,American
HG01113,CLM,AMR,Colombian,American
HG01119,CLM,AMR,Colombian,American
HG01121,CLM,AMR,Colombian,American
HG01122,CLM,AMR,Colombian,American
HG01124,CLM,AMR,Colombian,American
HG01125,CLM,AMR,Colombian,American
HG01130,CLM,AMR,Colombian,American
HG01131,CLM,AMR,Colombian,American
HG01133,CLM,AMR,Colombian,American
HG01134,CLM,AMR,Colombian,American
HG01136,CLM,AMR,Colombian,American
HG01137,CLM,AMR,Colombian,American
HG01139,CLM,AMR,Colombian,American
HG01140,CLM,AMR,Colombian,American
HG01142,CLM,AMR,Colombian,American
HG01148,CLM,AMR,Colombian,American
HG01149,CLM,AMR,Colombian,American
HG01161,PUR,AMR,Puerto Rican,American
HG01162,PUR,AMR,Puerto Rican,American
HG01164,PUR,AMR,Puerto Rican,American
HG01167,PUR,AMR,Puerto Rican,American
HG01168,PUR,AMR,Puerto Rican,American
HG01170,PUR,AMR,Puerto Rican,American
HG01171,PUR,AMR,Puerto Rican,American
HG01173,PUR,AMR,Puerto Rican,American
HG01174,PUR,AMR,Puerto Rican,American
HG01176,PUR,AMR,Puerto Rican,American
HG01177,PUR,AMR,Puerto Rican,American
HG01182,PUR,AMR,Puerto Rican,American
HG01183,PUR,AMR,Puerto Rican,American
HG01187,PUR,AMR,Puerto Rican,American
HG01188,PUR,AMR,Puerto Rican,American
HG01190,PUR,AMR,Puerto Rican,American
HG01191,PUR,AMR,Puerto Rican,American
HG01197,PUR,AMR,Puerto Rican,American
HG01198,PUR,AMR,Puerto Rican,American
HG01200,PUR,AMR,Puerto Rican,American
HG01204,PUR,AMR,Puerto Rican,American
HG01205,PUR,AMR,Puerto Rican,American
HG01241,PUR,AMR,Puerto Rican,American
HG01242,PUR,AMR,Puerto Rican,American
HG01247,PUR,AMR,Puerto Rican,American
HG01248,PUR,AMR,Puerto Rican,American
HG01250,CLM,AMR,Colombian,American
HG01251,CLM,AMR,Colombian,American
HG01253,CLM,AMR,Colombian,American
HG01254,CLM,AMR,Colombian,American
HG01256,CLM,AMR,Colombian,American
HG01257,CLM,AMR,Colombian,American
HG01259,CLM,AMR,Colombian,American
HG01260,CLM,AMR,Colombian,American
HG01269,CLM,AMR,Colombian,American
HG01271,CLM,AMR,Colombian,American
HG01272,CLM,AMR,Colombian,American
HG01275,CLM,AMR,Colombian,American
HG01277,CLM,AMR,Colombian,American
HG01280,CLM,AMR,Colombian,American
HG01281,CLM,AMR,Colombian,American
HG01284,CLM,AMR,Colombian,American
HG01286,PUR,AMR,Puerto Rican,American
HG01302,PUR,AMR,Puerto Rican,American
HG01303,PUR,AMR,Puerto Rican,American
HG01305,PUR,AMR,Puerto Rican,American
HG01308,PUR,AMR,Puerto Rican,American
HG01311,PUR,AMR,Puerto Rican,American
HG01312,PUR,AMR,Puerto Rican,American
HG01323,PUR,AMR,Puerto Rican,American
HG01325,PUR,AMR,Puerto Rican,American
HG01326,PUR,AMR,Puerto Rican,American
HG01334,GBR,EUR,British,European
HG01341,CLM,AMR,Colombian,American
HG01342,CLM,AMR,Colombian,American
HG01344,CLM,AMR,Colombian,American
HG01345,CLM,AMR,Colombian,American
HG01348,CLM,AMR,Colombian,American
HG01350,CLM,AMR,Colombian,American
HG01351,CLM,AMR,Colombian,American
HG01353,CLM,AMR,Colombian,American
HG01354,CLM,AMR,Colombian,American
HG01356,CLM,AMR,Colombian,American
HG01357,CLM,AMR,Colombian,American
HG01359,CLM,AMR,Colombian,American
HG01360,CLM,AMR,Colombian,American
HG01362,CLM,AMR,Colombian,American
HG01363,CLM,AMR,Colombian,American
HG01365,CLM,AMR,Colombian,American
HG01366,CLM,AMR,Colombian,American
HG01369,CLM,AMR,Colombian,American
HG01372,CLM,AMR,Colombian,American
HG01374,CLM,AMR,Colombian,American
HG01375,CLM,AMR,Colombian,American
HG01377,CLM,AMR,Colombian,American
HG01378,CLM,AMR,Colombian,American
HG01383,CLM,AMR,Colombian,American
HG01384,CLM,AMR,Colombian,American
HG01389,CLM,AMR,Colombian,American
HG01390,CLM,AMR,Colombian,American
HG01392,PUR,AMR,Puerto Rican,American
HG01393,PUR,AMR,Puerto Rican,American
HG01395,PUR,AMR,Puerto Rican,American
HG01396,PUR,AMR,Puerto Rican,American
HG01398,PUR,AMR,Puerto Rican,American
HG01402,PUR,AMR,Puerto Rican,American
HG01403,PUR,AMR,Puerto Rican,American
HG01405,PUR,AMR,Puerto Rican,American
HG01412,PUR,AMR,Puerto Rican,American
HG01413,PUR,AMR,Puerto Rican,American
HG01414,PUR,AMR,Puerto Rican,American
HG01431,CLM,AMR,Colombian,American
HG01432,CLM,AMR,Colombian,American
HG01435,CLM,AMR,Colombian,American
HG01437,CLM,AMR,Colombian,American
HG01438,CLM,AMR,Colombian,American
HG01440,CLM,AMR,Colombian,American
HG01441,CLM,AMR,Colombian,American
HG01443,CLM,AMR,Colombian,American
HG01444,CLM,AMR,Colombian,American
HG01447,CLM,AMR,Colombian,American
HG01455,CLM,AMR,Colombian,American
HG01456,CLM,AMR,Colombian,American
HG01459,CLM,AMR,Colombian,American
HG01461,CLM,AMR,Colombian,American
HG01462,CLM,AMR,Colombian,American
HG01464,CLM,AMR,Colombian,American
HG01465,CLM,AMR,Colombian,American
HG01468,CLM,AMR,Colombian,American
HG01474,CLM,AMR,Colombian,American
HG01479,CLM,AMR,Colombian,American
HG01485,CLM,AMR,Colombian,American
HG01486,CLM,AMR,Colombian,American
HG01488,CLM,AMR,Colombian,American
HG01489,CLM,AMR,Colombian,American
HG01491,CLM,AMR,Colombian,American
HG01492,CLM,AMR,Colombian,American
HG01494,CLM,AMR,Colombian,American
HG01495,CLM,AMR,Colombian,American
HG01497,CLM,AMR,Colombian,American
HG01498,CLM,AMR,Colombian,American
HG01500,IBS,EUR,Spanish,European
HG01501,IBS,EUR,Spanish,European
HG01503,IBS,EUR,Spanish,European
HG01504,IBS,EUR,Spanish,European
HG01506,IBS,EUR,Spanish,European
HG01507,IBS,EUR,Spanish,European
HG01509,IBS,EUR,Spanish,European
HG01510,IBS,EUR,Spanish,European
HG01512,IBS,EUR,Spanish,European
HG01513,IBS,EUR,Spanish,European
HG01515,IBS,EUR,Spanish,European
HG01516,IBS,EUR,Spanish,European
HG01518,IBS,EUR,Spanish,European
HG01519,IBS,EUR,Spanish,European
HG01521,IBS,EUR,Spanish,European
HG01522,IBS,EUR,Spanish,European
HG01524,IBS,EUR,Spanish,European
HG01525,IBS,EUR,Spanish,European
HG01527,IBS,EUR,Spanish,European
HG01528,IBS,EUR,Spanish,European
HG01530,IBS,EUR,Spanish,European
HG01531,IBS,EUR,Spanish,European
HG01536,IBS,EUR,Spanish,European
HG01537,IBS,EUR,Spanish,European
HG01550,CLM,AMR,Colombian,American
HG01551,CLM,AMR,Colombian,American
HG01556,CLM,AMR,Colombian,American
HG01565,PEL,AMR,Peruvian,American
HG01566,PEL,AMR,Peruvian,American
HG01571,PEL,AMR,Peruvian,American
HG01572,PEL,AMR,Peruvian,American
HG01577,PEL,AMR,Peruvian,American
HG01578,PEL,AMR,Peruvian,American
HG01583,PJL,SAS,,South Asian
HG01586,PJL,SAS,,South Asian
HG01589,PJL,SAS,,South Asian
HG01593,PJL,SAS,,South Asian
HG01595,KHV,EAS,King Vietnamese,East Asian
HG01596,KHV,EAS,King Vietnamese,East Asian
HG01597,KHV,EAS,King Vietnamese,East Asian
HG01598,KHV,EAS,King Vietnamese,East Asian
HG01599,KHV,EAS,King Vietnamese,East Asian
HG01600,KHV,EAS,King Vietnamese,East Asian
HG01602,IBS,EUR,Spanish,European
HG01603,IBS,EUR,Spanish,European
HG01605,IBS,EUR,Spanish,European
HG01606,IBS,EUR,Spanish,European
HG01607,IBS,EUR,Spanish,European
HG01608,IBS,EUR,Spanish,European
HG01610,IBS,EUR,Spanish,European
HG01612,IBS,EUR,Spanish,European
HG01613,IBS,EUR,Spanish,European
HG01615,IBS,EUR,Spanish,European
HG01617,IBS,EUR,Spanish,European
HG01618,IBS,EUR,Spanish,European
HG01619,IBS,EUR,Spanish,European
HG01620,IBS,EUR,Spanish,European
HG01623,IBS,EUR,Spanish,European
HG01624,IBS,EUR,Spanish,European
HG01625,IBS,EUR,Spanish,European
HG01626,IBS,EUR,Spanish,European
HG01628,IBS,EUR,Spanish,European
HG01630,IBS,EUR,Spanish,European
HG01631,IBS,EUR,Spanish,European
HG01632,IBS,EUR,Spanish,European
HG01668,IBS,EUR,Spanish,European
HG01669,IBS,EUR,Spanish,European
HG01670,IBS,EUR,Spanish,European
HG01672,IBS,EUR,Spanish,European
HG01673,IBS,EUR,Spanish,European
HG01675,IBS,EUR,Spanish,European
HG01676,IBS,EUR,Spanish,European
HG01678,IBS,EUR,Spanish,European
HG01679,IBS,EUR,Spanish,European
HG01680,IBS,EUR,Spanish,European
HG01682,IBS,EUR,Spanish,European
HG01684,IBS,EUR,Spanish,European
HG01685,IBS,EUR,Spanish,European
HG01686,IBS,EUR,Spanish,European
HG01694,IBS,EUR,Spanish,European
HG01695,IBS,EUR,Spanish,European
HG01697,IBS,EUR,Spanish,European
HG01699,IBS,EUR,Spanish,European
HG01700,IBS,EUR,Spanish,European
HG01702,IBS,EUR,Spanish,European
HG01704,IBS,EUR,Spanish,European
HG01705,IBS,EUR,Spanish,European
HG01707,IBS,EUR,Spanish,European
HG01708,IBS,EUR,Spanish,European
HG01709,IBS,EUR,Spanish,European
HG01710,IBS,EUR,Spanish,European
HG01746,IBS,EUR,Spanish,European
HG01747,IBS,EUR,Spanish,European
HG01756,IBS,EUR,Spanish,European
HG01757,IBS,EUR,Spanish,European
HG01761,IBS,EUR,Spanish,European
HG01762,IBS,EUR,Spanish,European
HG01765,IBS,EUR,Spanish,European
HG01766,IBS,EUR,Spanish,European
HG01767,IBS,EUR,Spanish,European
HG01768,IBS,EUR,Spanish,European
HG01770,IBS,EUR,Spanish,European
HG01771,IBS,EUR,Spanish,European
HG01773,IBS,EUR,Spanish,European
HG01775,IBS,EUR,Spanish,European
HG01776,IBS,EUR,Spanish,European
HG01777,IBS,EUR,Spanish,European
HG01779,IBS,EUR,Spanish,European
HG01781,IBS,EUR,Spanish,European
HG01783,IBS,EUR,Spanish,European
HG01784,IBS,EUR,Spanish,European
HG01785,IBS,EUR,Spanish,European
HG01786,IBS,EUR,Spanish,European
HG01789,GBR,EUR,British,European
HG01790,GBR,EUR,British,European
HG01791,GBR,EUR,British,European
HG01794,CDX,EAS,Dai Chinese,East Asian
HG01795,CDX,EAS,Dai Chinese,East Asian
HG01796,CDX,EAS,Dai Chinese,East Asian
HG01797,CDX,EAS,Dai Chinese,East Asian
HG01798,CDX,EAS,Dai Chinese,East Asian
HG01799,CDX,EAS,Dai Chinese,East Asian
HG01800,CDX,EAS,Dai Chinese,East Asian
HG01801,CDX,EAS,Dai Chinese,East Asian
HG01802,CDX,EAS,Dai Chinese,East Asian
HG01804,CDX,EAS,Dai Chinese,East Asian
HG01805,CDX,EAS,Dai Chinese,East Asian
HG01806,CDX,EAS,Dai Chinese,East Asian
HG01807,CDX,EAS,Dai Chinese,East Asian
HG01808,CDX,EAS,Dai Chinese,East Asian
HG01809,CDX,EAS,Dai Chinese,East Asian
HG01810,CDX,EAS,Dai Chinese,East Asian
HG01811,CDX,EAS,Dai Chinese,East Asian
HG01812,CDX,EAS,Dai Chinese,East Asian
HG01813,CDX,EAS,Dai Chinese,East Asian
HG01815,CDX,EAS,Dai Chinese,East Asian
HG01816,CDX,EAS,Dai Chinese,East Asian
HG01817,CDX,EAS,Dai Chinese,East Asian
HG01840,KHV,EAS,King Vietnamese,East Asian
HG01841,KHV,EAS,King Vietnamese,East Asian
HG01842,KHV,EAS,King Vietnamese,East Asian
HG01843,KHV,EAS,King Vietnamese,East Asian
HG01844,KHV,EAS,King Vietnamese,East Asian
HG01845,KHV,EAS,King Vietnamese,East Asian
HG01846,KHV,EAS,King Vietnamese,East Asian
HG01847,KHV,EAS,King Vietnamese,East Asian
HG01848,KHV,EAS,King Vietnamese,East Asian
HG01849,KHV,EAS,King Vietnamese,East Asian
HG01850,KHV,EAS,King Vietnamese,East Asian
HG01851,KHV,EAS,King Vietnamese,East Asian
HG01852,KHV,EAS,King Vietnamese,East Asian
HG01853,KHV,EAS,King Vietnamese,East Asian
HG01855,KHV,EAS,King Vietnamese,East Asian
HG01857,KHV,EAS,King Vietnamese,East Asian
HG01858,KHV,EAS,King Vietnamese,East Asian
HG01859,KHV,EAS,King Vietnamese,East Asian
HG01860,KHV,EAS,King Vietnamese,East Asian
HG01861,KHV,EAS,King Vietnamese,East Asian
HG01862,KHV,EAS,King Vietnamese,East Asian
HG01863,KHV,EAS,King Vietnamese,East Asian
HG01864,KHV,EAS,King Vietnamese,East Asian
HG01865,KHV,EAS,King Vietnamese,East Asian
HG01866,KHV,EAS,King Vietnamese,East Asian
HG01867,KHV,EAS,King Vietnamese,East Asian
HG01868,KHV,EAS,King Vietnamese,East Asian
HG01869,KHV,EAS,King Vietnamese,East Asian
HG01870,KHV,EAS,King Vietnamese,East Asian
HG01871,KHV,EAS,King Vietnamese,East Asian
HG01872,KHV,EAS,King Vietnamese,East Asian
HG01873,KHV,EAS,King Vietnamese,East Asian
HG01874,KHV,EAS,King Vietnamese,East Asian
HG01878,KHV,EAS,King Vietnamese,East Asian
HG01879,ACB,AMR,African-Caribbean,American
HG01880,ACB,AMR,African-Caribbean,American
HG01882,ACB,AMR,African-Caribbean,American
HG01883,ACB,AMR,African-Caribbean,American
HG01885,ACB,AMR,African-Caribbean,American
HG01886,ACB,AMR,African-Caribbean,American
HG01889,ACB,AMR,African-Caribbean,American
HG01890,ACB,AMR,African-Caribbean,American
HG01892,PEL,AMR,Peruvian,American
HG01893,PEL,AMR,Peruvian,American
HG01894,ACB,AMR,African-Caribbean,American
HG01896,ACB,AMR,African-Caribbean,American
HG01912,ACB,AMR,African-Caribbean,American
HG01914,ACB,AMR,African-Caribbean,American
HG01915,ACB,AMR,African-Caribbean,American
HG01917,PEL,AMR,Peruvian,American
HG01918,PEL,AMR,Peruvian,American
HG01920,PEL,AMR,Peruvian,American
HG01921,PEL,AMR,Peruvian,American
HG01923,PEL,AMR,Peruvian,American
HG01924,PEL,AMR,Peruvian,American
HG01926,PEL,AMR,Peruvian,American
HG01927,PEL,AMR,Peruvian,American
HG01932,PEL,AMR,Peruvian,American
HG01933,PEL,AMR,Peruvian,American
HG01935,PEL,AMR,Peruvian,American
HG01936,PEL,AMR,Peruvian,American
HG01938,PEL,AMR,Peruvian,American
HG01939,PEL,AMR,Peruvian,American
HG01941,PEL,AMR,Peruvian,American
HG01942,PEL,AMR,Peruvian,American
HG01944,PEL,AMR,Peruvian,American
HG01945,PEL,AMR,Peruvian,American
HG01947,PEL,AMR,Peruvian,American
HG01948,PEL,AMR,Peruvian,American
HG01950,PEL,AMR,Peruvian,American
HG01951,PEL,AMR,Peruvian,American
HG01953,PEL,AMR,Peruvian,American
HG01954,PEL,AMR,Peruvian,American
HG01956,ACB,AMR,African-Caribbean,American
HG01958,ACB,AMR,African-Caribbean,American
HG01961,PEL,AMR,Peruvian,American
HG01965,PEL,AMR,Peruvian,American
HG01967,PEL,AMR,Peruvian,American
HG01968,PEL,AMR,Peruvian,American
HG01970,PEL,AMR,Peruvian,American
HG01971,PEL,AMR,Peruvian,American
HG01973,PEL,AMR,Peruvian,American
HG01974,PEL,AMR,Peruvian,American
HG01976,PEL,AMR,Peruvian,American
HG01977,PEL,AMR,Peruvian,American
HG01979,PEL,AMR,Peruvian,American
HG01980,PEL,AMR,Peruvian,American
HG01982,PEL,AMR,Peruvian,American
HG01985,ACB,AMR,African-Caribbean,American
HG01986,ACB,AMR,African-Caribbean,American
HG01988,ACB,AMR,African-Caribbean,American
HG01989,ACB,AMR,African-Caribbean,American
HG01990,ACB,AMR,African-Caribbean,American
HG01991,PEL,AMR,Peruvian,American
HG01992,PEL,AMR,Peruvian,American
HG01997,PEL,AMR,Peruvian,American
HG02002,PEL,AMR,Peruvian,American
HG02003,PEL,AMR,Peruvian,American
HG02006,PEL,AMR,Peruvian,American
HG02008,PEL,AMR,Peruvian,American
HG02009,ACB,AMR,African-Caribbean,American
HG02010,ACB,AMR,African-Caribbean,American
HG02012,ACB,AMR,African-Caribbean,American
HG02013,ACB,AMR,African-Caribbean,American
HG02014,ACB,AMR,African-Caribbean,American
HG02016,KHV,EAS,King Vietnamese,East Asian
HG02017,KHV,EAS,King Vietnamese,East Asian
HG02019,KHV,EAS,King Vietnamese,East Asian
HG02020,KHV,EAS,King Vietnamese,East Asian
HG02023,KHV,EAS,King Vietnamese,East Asian
HG02025,KHV,EAS,King Vietnamese,East Asian
HG02026,KHV,EAS,King Vietnamese,East Asian
HG02028,KHV,EAS,King Vietnamese,East Asian
HG02029,KHV,EAS,King Vietnamese,East Asian
HG02031,KHV,EAS,King Vietnamese,East Asian
HG02032,KHV,EAS,King Vietnamese,East Asian
HG02035,KHV,EAS,King Vietnamese,East Asian
HG02040,KHV,EAS,King Vietnamese,East Asian
HG02047,KHV,EAS,King Vietnamese,East Asian
HG02048,KHV,EAS,King Vietnamese,East Asian
HG02049,KHV,EAS,King Vietnamese,East Asian
HG02050,KHV,EAS,King Vietnamese,East Asian
HG02051,ACB,AMR,African-Caribbean,American
HG02052,ACB,AMR,African-Caribbean,American
HG02053,ACB,AMR,African-Caribbean,American
HG02054,ACB,AMR,African-Caribbean,American
HG02057,KHV,EAS,King Vietnamese,East Asian
HG02058,KHV,EAS,King Vietnamese,East Asian
HG02060,KHV,EAS,King Vietnamese,East Asian
HG02061,KHV,EAS,King Vietnamese,East Asian
HG02064,KHV,EAS,King Vietnamese,East Asian
HG02067,KHV,EAS,King Vietnamese,East Asian
HG02069,KHV,EAS,King Vietnamese,East Asian
HG02070,KHV,EAS,King Vietnamese,East Asian
HG02072,KHV,EAS,King Vietnamese,East Asian
HG02073,KHV,EAS,King Vietnamese,East Asian
HG02075,KHV,EAS,King Vietnamese,East Asian
HG02076,KHV,EAS,King Vietnamese,East Asian
HG02078,KHV,EAS,King Vietnamese,East Asian
HG02079,KHV,EAS,King Vietnamese,East Asian
HG02081,KHV,EAS,King Vietnamese,East Asian
HG02082,KHV,EAS,King Vietnamese,East Asian
HG02084,KHV,EAS,King Vietnamese,East Asian
HG02085,KHV,EAS,King Vietnamese,East Asian
HG02086,KHV,EAS,King Vietnamese,East Asian
HG02087,KHV,EAS,King Vietnamese,East Asian
HG02088,KHV,EAS,King Vietnamese,East Asian
HG02089,PEL,AMR,Peruvian,American
HG02090,PEL,AMR,Peruvian,American
HG02095,ACB,AMR,African-Caribbean,American
HG02102,PEL,AMR,Peruvian,American
HG02104,PEL,AMR,Peruvian,American
HG02105,PEL,AMR,Peruvian,American
HG02107,ACB,AMR,African-Caribbean,American
HG02108,ACB,AMR,African-Caribbean,American
HG02111,ACB,AMR,African-Caribbean,American
HG02113,KHV,EAS,King Vietnamese,East Asian
HG02116,KHV,EAS,King Vietnamese,East Asian
HG02121,KHV,EAS,King Vietnamese,East Asian
HG02122,KHV,EAS,King Vietnamese,East Asian
HG02127,KHV,EAS,King Vietnamese,East Asian
HG02128,KHV,EAS,King Vietnamese,East Asian
HG02130,KHV,EAS,King Vietnamese,East Asian
HG02131,KHV,EAS,King Vietnamese,East Asian
HG02133,KHV,EAS,King Vietnamese,East Asian
HG02134,KHV,EAS,King Vietnamese,East Asian
HG02136,KHV,EAS,King Vietnamese,East Asian
HG02137,KHV,EAS,King Vietnamese,East Asian
HG02138,KHV,EAS,King Vietnamese,East Asian
HG02139,KHV,EAS,King Vietnamese,East Asian
HG02140,KHV,EAS,King Vietnamese,East Asian
HG02141,KHV,EAS,King Vietnamese,East Asian
HG02142,KHV,EAS,King Vietnamese,East Asian
HG02143,ACB,AMR,African-Caribbean,American
HG02144,ACB,AMR,African-Caribbean,American
HG02146,PEL,AMR,Peruvian,American
HG02147,PEL,AMR,Peruvian,American
HG02150,PEL,AMR,Peruvian,American
HG02151,CDX,EAS,Dai Chinese,East Asian
HG02152,CDX,EAS,Dai Chinese,East Asian
HG02153,CDX,EAS,Dai Chinese,East Asian
HG02154,CDX,EAS,Dai Chinese,East Asian
HG02155,CDX,EAS,Dai Chinese,East Asian
HG02156,CDX,EAS,Dai Chinese,East Asian
HG02164,CDX,EAS,Dai Chinese,East Asian
HG02165,CDX,EAS,Dai Chinese,East Asian
HG02166,CDX,EAS,Dai Chinese,East Asian
HG02178,CDX,EAS,Dai Chinese,East Asian
HG02179,CDX,EAS,Dai Chinese,East Asian
HG02180,CDX,EAS,Dai Chinese,East Asian
HG02181,CDX,EAS,Dai Chinese,East Asian
HG02182,CDX,EAS,Dai Chinese,East Asian
HG02184,CDX,EAS,Dai Chinese,East Asian
HG02185,CDX,EAS,Dai Chinese,East Asian
HG02186,CDX,EAS,Dai Chinese,East Asian
HG02187,CDX,EAS,Dai Chinese,East Asian
HG02188,CDX,EAS,Dai Chinese,East Asian
HG02190,CDX,EAS,Dai Chinese,East Asian
HG02215,GBR,EUR,British,European
HG02219,IBS,EUR,Spanish,European
HG02220,IBS,EUR,Spanish,European
HG02221,IBS,EUR,Spanish,European
HG02223,IBS,EUR,Spanish,European
HG02224,IBS,EUR,Spanish,European
HG02230,IBS,EUR,Spanish,European
HG02231,IBS,EUR,Spanish,European
HG02232,IBS,EUR,Spanish,European
HG02233,IBS,EUR,Spanish,European
HG02235,IBS,EUR,Spanish,European
HG02236,IBS,EUR,Spanish,European
HG02238,IBS,EUR,Spanish,European
HG02239,IBS,EUR,Spanish,European
HG02250,CDX,EAS,Dai Chinese,East Asian
HG02252,PEL,AMR,Peruvian,American
HG02253,PEL,AMR,Peruvian,American
HG02255,ACB,AMR,African-Caribbean,American
HG02256,ACB,AMR,African-Caribbean,American
HG02259,PEL,AMR,Peruvian,American
HG02260,PEL,AMR,Peruvian,American
HG02262,PEL,AMR,Peruvian,American
HG02265,PEL,AMR,Peruvian,American
HG02266,PEL,AMR,Peruvian,American
HG02271,PEL,AMR,Peruvian,American
HG02272,PEL,AMR,Peruvian,American
HG02274,PEL,AMR,Peruvian,American
HG02275,PEL,AMR,Peruvian,American
HG02277,PEL,AMR,Peruvian,American
HG02278,PEL,AMR,Peruvian,American
HG02281,ACB,AMR,African-Caribbean,American
HG02282,ACB,AMR,African-Caribbean,American
HG02283,ACB,AMR,African-Caribbean,American
HG02284,ACB,AMR,African-Caribbean,American
HG02285,PEL,AMR,Peruvian,American
HG02286,PEL,AMR,Peruvian,American
HG02291,PEL,AMR,Peruvian,American
HG02292,PEL,AMR,Peruvian,American
HG02298,PEL,AMR,Peruvian,American
HG02299,PEL,AMR,Peruvian,American
HG02301,PEL,AMR,Peruvian,American
HG02304,PEL,AMR,Peruvian,American
HG02307,ACB,AMR,African-Caribbean,American
HG02308,ACB,AMR,African-Caribbean,American
HG02309,ACB,AMR,African-Caribbean,American
HG02312,PEL,AMR,Peruvian,American
HG02314,ACB,AMR,African-Caribbean,American
HG02315,ACB,AMR,African-Caribbean,American
HG02317,ACB,AMR,African-Caribbean,American
HG02318,ACB,AMR,African-Caribbean,American
HG02322,ACB,AMR,African-Caribbean,American
HG02323,ACB,AMR,African-Caribbean,American
HG02325,ACB,AMR,African-Caribbean,American
HG02330,ACB,AMR,African-Caribbean,American
HG02332,ACB,AMR,African-Caribbean,American
HG02334,ACB,AMR,African-Caribbean,American
HG02337,ACB,AMR,African-Caribbean,American
HG02339,ACB,AMR,African-Caribbean,American
HG02343,ACB,AMR,African-Caribbean,American
HG02345,PEL,AMR,Peruvian,American
HG02348,PEL,AMR,Peruvian,American
HG02351,CDX,EAS,Dai Chinese,East Asian
HG02353,CDX,EAS,Dai Chinese,East Asian
HG02355,CDX,EAS,Dai Chinese,East Asian
HG02356,CDX,EAS,Dai Chinese,East Asian
HG02360,CDX,EAS,Dai Chinese,East Asian
HG02364,CDX,EAS,Dai Chinese,East Asian
HG02367,CDX,EAS,Dai Chinese,East Asian
HG02371,CDX,EAS,Dai Chinese,East Asian
HG02373,CDX,EAS,Dai Chinese,East Asian
HG02374,CDX,EAS,Dai Chinese,East Asian
HG02375,CDX,EAS,Dai Chinese,East Asian
HG02379,CDX,EAS,Dai Chinese,East Asian
HG02380,CDX,EAS,Dai Chinese,East Asian
HG02382,CDX,EAS,Dai Chinese,East Asian
HG02383,CDX,EAS,Dai Chinese,East Asian
HG02384,CDX,EAS,Dai Chinese,East Asian
HG02385,CDX,EAS,Dai Chinese,East Asian
HG02386,CDX,EAS,Dai Chinese,East Asian
HG02389,CDX,EAS,Dai Chinese,East Asian
HG02390,CDX,EAS,Dai Chinese,East Asian
HG02391,CDX,EAS,Dai Chinese,East Asian
HG02392,CDX,EAS,Dai Chinese,East Asian
HG02394,CDX,EAS,Dai Chinese,East Asian
HG02395,CDX,EAS,Dai Chinese,East Asian
HG02396,CDX,EAS,Dai Chinese,East Asian
HG02397,CDX,EAS,Dai Chinese,East Asian
HG02398,CDX,EAS,Dai Chinese,East Asian
HG02399,CDX,EAS,Dai Chinese,East Asian
HG02401,CDX,EAS,Dai Chinese,East Asian
HG02402,CDX,EAS,Dai Chinese,East Asian
HG02406,CDX,EAS,Dai Chinese,East Asian
HG02407,CDX,EAS,Dai Chinese,East Asian
HG02408,CDX,EAS,Dai Chinese,East Asian
HG02409,CDX,EAS,Dai Chinese,East Asian
HG02410,CDX,EAS,Dai Chinese,East Asian
HG02419,ACB,AMR,African-Caribbean,American
HG02420,ACB,AMR,African-Caribbean,American
HG02425,PEL,AMR,Peruvian,American
HG02427,ACB,AMR,African-Caribbean,American
HG02429,ACB,AMR,African-Caribbean,American
HG02433,ACB,AMR,African-Caribbean,American
HG02439,ACB,AMR,African-Caribbean,American
HG02442,ACB,AMR,African-Caribbean,American
HG02445,ACB,AMR,African-Caribbean,American
HG02449,ACB,AMR,African-Caribbean,American
HG02450,ACB,AMR,African-Caribbean,American
HG02455,ACB,AMR,African-Caribbean,American
HG02461,GWD,AFR,Gambian,African
HG02462,GWD,AFR,Gambian,African
HG02464,GWD,AFR,Gambian,African
HG02465,GWD,AFR,Gambian,African
HG02470,ACB,AMR,African-Caribbean,American
HG02471,ACB,AMR,African-Caribbean,American
HG02476,ACB,AMR,African-Caribbean,American
HG02477,ACB,AMR,African-Caribbean,American
HG02479,ACB,AMR,African-Caribbean,American
HG02481,ACB,AMR,African-Caribbean,American
HG02484,ACB,AMR,African-Caribbean,American
HG02485,ACB,AMR,African-Caribbean,American
HG02489,ACB,AMR,African-Caribbean,American
HG02490,PJL,SAS,,South Asian
HG02491,PJL,SAS,,South Asian
HG02493,PJL,SAS,,South Asian
HG02494,PJL,SAS,,South Asian
HG02496,ACB,AMR,African-Caribbean,American
HG02497,ACB,AMR,African-Caribbean,American
HG02501,ACB,AMR,African-Caribbean,American
HG02502,ACB,AMR,African-Caribbean,American
HG02505,ACB,AMR,African-Caribbean,American
HG02508,ACB,AMR,African-Caribbean,American
HG02511,ACB,AMR,African-Caribbean,American
HG02512,KHV,EAS,King Vietnamese,East Asian
HG02513,KHV,EAS,King Vietnamese,East Asian
HG02521,KHV,EAS,King Vietnamese,East Asian
HG02522,KHV,EAS,King Vietnamese,East Asian
HG02536,ACB,AMR,African-Caribbean,American
HG02537,ACB,AMR,African-Caribbean,American
HG02541,ACB,AMR,African-Caribbean,American
HG02545,ACB,AMR,African-Caribbean,American
HG02546,ACB,AMR,African-Caribbean,American
HG02549,ACB,AMR,African-Caribbean,American
HG02554,ACB,AMR,African-Caribbean,American
HG02555,ACB,AMR,African-Caribbean,American
HG02557,ACB,AMR,African-Caribbean,American
HG02558,ACB,AMR,African-Caribbean,American
HG02561,GWD,AFR,Gambian,African
HG02562,GWD,AFR,Gambian,African
HG02568,GWD,AFR,Gambian,African
HG02570,GWD,AFR,Gambian,African
HG02571,GWD,AFR,Gambian,African
HG02573,GWD,AFR,Gambian,African
HG02574,GWD,AFR,Gambian,African
HG02577,ACB,AMR,African-Caribbean,American
HG02580,ACB,AMR,African-Caribbean,American
HG02582,GWD,AFR,Gambian,African
HG02583,GWD,AFR,Gambian,African
HG02585,GWD,AFR,Gambian,African
HG02586,GWD,AFR,Gambian,African
HG02588,GWD,AFR,Gambian,African
HG02589,GWD,AFR,Gambian,African
HG02594,GWD,AFR,Gambian,African
HG02595,GWD,AFR,Gambian,African
HG02597,PJL,SAS,,South Asian
HG02600,PJL,SAS,,South Asian
HG02601,PJL,SAS,,South Asian
HG02603,PJL,SAS,,South Asian
HG02604,PJL,SAS,,South Asian
HG02610,GWD,AFR,Gambian,African
HG02611,GWD,AFR,Gambian,African
HG02613,GWD,AFR,Gambian,African
HG02614,GWD,AFR,Gambian,African
HG02620,GWD,AFR,Gambian,African
HG02621,GWD,AFR,Gambian,African
HG02623,GWD,AFR,Gambian,African
HG02624,GWD,AFR,Gambian,African
HG02628,GWD,AFR,Gambian,African
HG02629,GWD,AFR,Gambian,African
HG02634,GWD,AFR,Gambian,African
HG02635,GWD,AFR,Gambian,African
HG02642,GWD,AFR,Gambian,African
HG02643,GWD,AFR,Gambian,African
HG02645,GWD,AFR,Gambian,African
HG02646,GWD,AFR,Gambian,African
HG02648,PJL,SAS,,South Asian
HG02649,PJL,SAS,,South Asian
HG02651,PJL,SAS,,South Asian
HG02652,PJL,SAS,,South Asian
HG02654,PJL,SAS,,South Asian
HG02655,PJL,SAS,,South Asian
HG02657,PJL,SAS,,South Asian
HG02658,PJL,SAS,,South Asian
HG02660,PJL,SAS,,South Asian
HG02661,PJL,SAS,,South Asian
HG02666,GWD,AFR,Gambian,African
HG02667,GWD,AFR,Gambian,African
HG02675,GWD,AFR,Gambian,African
HG02676,GWD,AFR,Gambian,African
HG02678,GWD,AFR,Gambian,African
HG02679,GWD,AFR,Gambian,African
HG02681,PJL,SAS,,South Asian
HG02682,PJL,SAS,,South Asian
HG02684,PJL,SAS,,South Asian
HG02685,PJL,SAS,,South Asian
HG02687,PJL,SAS,,South Asian
HG02688,PJL,SAS,,South Asian
HG02690,PJL,SAS,,South Asian
HG02691,PJL,SAS,,South Asian
HG02694,PJL,SAS,,South Asian
HG02696,PJL,SAS,,South Asian
HG02697,PJL,SAS,,South Asian
HG02699,PJL,SAS,,South Asian
HG02700,PJL,SAS,,South Asian
HG02702,GWD,AFR,Gambian,African
HG02703,GWD,AFR,Gambian,African
HG02715,GWD,AFR,Gambian,African
HG02716,GWD,AFR,Gambian,African
HG02721,GWD,AFR,Gambian,African
HG02722,GWD,AFR,Gambian,African
HG02724,PJL,SAS,,South Asian
HG02725,PJL,SAS,,South Asian
HG02727,PJL,SAS,,South Asian
HG02728,PJL,SAS,,South Asian
HG02731,PJL,SAS,,South Asian
HG02733,PJL,SAS,,South Asian
HG02734,PJL,SAS,,South Asian
HG02736,PJL,SAS,,South Asian
HG02737,PJL,SAS,,South Asian
HG02756,GWD,AFR,Gambian,African
HG02757,GWD,AFR,Gambian,African
HG02759,GWD,AFR,Gambian,African
HG02760,GWD,AFR,Gambian,African
HG02763,GWD,AFR,Gambian,African
HG02768,GWD,AFR,Gambian,African
HG02769,GWD,AFR,Gambian,African
HG02771,GWD,AFR,Gambian,African
HG02772,GWD,AFR,Gambian,African
HG02774,PJL,SAS,,South Asian
HG02775,PJL,SAS,,South Asian
HG02778,PJL,SAS,,South Asian
HG02780,PJL,SAS,,South Asian
HG02783,PJL,SAS,,South Asian
HG02784,PJL,SAS,,South Asian
HG02786,PJL,SAS,,South Asian
HG02787,PJL,SAS,,South Asian
HG02789,PJL,SAS,,South Asian
HG02790,PJL,SAS,,South Asian
HG02792,PJL,SAS,,South Asian
HG02793,PJL,SAS,,South Asian
HG02798,GWD,AFR,Gambian,African
HG02799,GWD,AFR,Gambian,African
HG02804,GWD,AFR,Gambian,African
HG02805,GWD,AFR,Gambian,African
HG02807,GWD,AFR,Gambian,African
HG02808,GWD,AFR,Gambian,African
HG02810,GWD,AFR,Gambian,African
HG02811,GWD,AFR,Gambian,African
HG02813,GWD,AFR,Gambian,African
HG02814,GWD,AFR,Gambian,African
HG02816,GWD,AFR,Gambian,African
HG02817,GWD,AFR,Gambian,African
HG02819,GWD,AFR,Gambian,African
HG02820,GWD,AFR,Gambian,African
HG02836,GWD,AFR,Gambian,African
HG02837,GWD,AFR,Gambian,African
HG02839,GWD,AFR,Gambian,African
HG02840,GWD,AFR,Gambian,African
HG02851,GWD,AFR,Gambian,African
HG02852,GWD,AFR,Gambian,African
HG02854,GWD,AFR,Gambian,African
HG02855,GWD,AFR,Gambian,African
HG02860,GWD,AFR,Gambian,African
HG02861,GWD,AFR,Gambian,African
HG02870,GWD,AFR,Gambian,African
HG02878,GWD,AFR,Gambian,African
HG02879,GWD,AFR,Gambian,African
HG02881,GWD,AFR,Gambian,African
HG02882,GWD,AFR,Gambian,African
HG02884,GWD,AFR,Gambian,African
HG02885,GWD,AFR,Gambian,African
HG02887,GWD,AFR,Gambian,African
HG02888,GWD,AFR,Gambian,African
HG02890,GWD,AFR,Gambian,African
HG02891,GWD,AFR,Gambian,African
HG02895,GWD,AFR,Gambian,African
HG02896,GWD,AFR,Gambian,African
HG02922,ESN,AFR,Esan,African
HG02923,ESN,AFR,Esan,African
HG02938,ESN,AFR,Esan,African
HG02941,ESN,AFR,Esan,African
HG02943,ESN,AFR,Esan,African
HG02944,ESN,AFR,Esan,African
HG02946,ESN,AFR,Esan,African
HG02947,ESN,AFR,Esan,African
HG02952,ESN,AFR,Esan,African
HG02953,ESN,AFR,Esan,African
HG02968,ESN,AFR,Esan,African
HG02970,ESN,AFR,Esan,African
HG02971,ESN,AFR,Esan,African
HG02973,ESN,AFR,Esan,African
HG02974,ESN,AFR,Esan,African
HG02976,ESN,AFR,Esan,African
HG02977,ESN,AFR,Esan,African
HG02979,ESN,AFR,Esan,African
HG02981,ESN,AFR,Esan,African
HG02982,GWD,AFR,Gambian,African
HG02983,GWD,AFR,Gambian,African
HG03006,BEB,SAS,Bengali,South Asian
HG03007,BEB,SAS,Bengali,South Asian
HG03009,BEB,SAS,Bengali,South Asian
HG03012,BEB,SAS,Bengali,South Asian
HG03015,PJL,SAS,,South Asian
HG03016,PJL,SAS,,South Asian
HG03018,PJL,SAS,,South Asian
HG03019,PJL,SAS,,South Asian
HG03021,PJL,SAS,,South Asian
HG03022,PJL,SAS,,South Asian
HG03024,GWD,AFR,Gambian,African
HG03025,GWD,AFR,Gambian,African
HG03027,GWD,AFR,Gambian,African
HG03028,GWD,AFR,Gambian,African
HG03039,GWD,AFR,Gambian,African
HG03040,GWD,AFR,Gambian,African
HG03045,GWD,AFR,Gambian,African
HG03046,GWD,AFR,Gambian,African
HG03048,GWD,AFR,Gambian,African
HG03049,GWD,AFR,Gambian,African
HG03052,MSL,AFR,Mende,African
HG03054,MSL,AFR,Mende,African
HG03055,MSL,AFR,Mende,African
HG03057,MSL,AFR,Mende,African
HG03058,MSL,AFR,Mende,African
HG03060,MSL,AFR,Mende,African
HG03061,MSL,AFR,Mende,African
HG03063,MSL,AFR,Mende,African
HG03064,MSL,AFR,Mende,African
HG03066,MSL,AFR,Mende,African
HG03069,MSL,AFR,Mende,African
HG03072,MSL,AFR,Mende,African
HG03073,MSL,AFR,Mende,African
HG03074,MSL,AFR,Mende,African
HG03077,MSL,AFR,Mende,African
HG03078,MSL,AFR,Mende,African
HG03079,MSL,AFR,Mende,African
HG03081,MSL,AFR,Mende,African
HG03082,MSL,AFR,Mende,African
HG03084,MSL,AFR,Mende,African
HG03085,MSL,AFR,Mende,African
HG03086,MSL,AFR,Mende,African
HG03088,MSL,AFR,Mende,African
HG03091,MSL,AFR,Mende,African
HG03095,MSL,AFR,Mende,African
HG03096,MSL,AFR,Mende,African
HG03097,MSL,AFR,Mende,African
HG03099,ESN,AFR,Esan,African
HG03100,ESN,AFR,Esan,African
HG03103,ESN,AFR,Esan,African
HG03105,ESN,AFR,Esan,African
HG03108,ESN,AFR,Esan,African
HG03109,ESN,AFR,Esan,African
HG03111,ESN,AFR,Esan,African
HG03112,ESN,AFR,Esan,African
HG03114,ESN,AFR,Esan,African
HG03115,ESN,AFR,Esan,African
HG03117,ESN,AFR,Esan,African
HG03118,ESN,AFR,Esan,African
HG03120,ESN,AFR,Esan,African
HG03121,ESN,AFR,Esan,African
HG03123,ESN,AFR,Esan,African
HG03124,ESN,AFR,Esan,African
HG03126,ESN,AFR,Esan,African
HG03127,ESN,AFR,Esan,African
HG03129,ESN,AFR,Esan,African
HG03130,ESN,AFR,Esan,African
HG03132,ESN,AFR,Esan,African
HG03133,ESN,AFR,Esan,African
HG03135,ESN,AFR,Esan,African
HG03136,ESN,AFR,Esan,African
HG03139,ESN,AFR,Esan,African
HG03157,ESN,AFR,Esan,African
HG03159,ESN,AFR,Esan,African
HG03160,ESN,AFR,Esan,African
HG03162,ESN,AFR,Esan,African
HG03163,ESN,AFR,Esan,African
HG03166,ESN,AFR,Esan,African
HG03168,ESN,AFR,Esan,African
HG03169,ESN,AFR,Esan,African
HG03172,ESN,AFR,Esan,African
HG03175,ESN,AFR,Esan,African
HG03189,ESN,AFR,Esan,African
HG03190,ESN,AFR,Esan,African
HG03193,ESN,AFR,Esan,African
HG03195,ESN,AFR,Esan,African
HG03196,ESN,AFR,Esan,African
HG03198,ESN,AFR,Esan,African
HG03199,ESN,AFR,Esan,African
HG03202,ESN,AFR,Esan,African
HG03209,MSL,AFR,Mende,African
HG03212,MSL,AFR,Mende,African
HG03224,MSL,AFR,Mende,African
HG03225,MSL,AFR,Mende,African
HG03228,PJL,SAS,,South Asian
HG03229,PJL,SAS,,South Asian
HG03234,PJL,SAS,,South Asian
HG03235,PJL,SAS,,South Asian
HG03237,PJL,SAS,,South Asian
HG03238,PJL,SAS,,South Asian
HG03240,GWD,AFR,Gambian,African
HG03241,GWD,AFR,Gambian,African
HG03246,GWD,AFR,Gambian,African
HG03247,GWD,AFR,Gambian,African
HG03258,GWD,AFR,Gambian,African
HG03259,GWD,AFR,Gambian,African
HG03265,ESN,AFR,Esan,African
HG03267,ESN,AFR,Esan,African
HG03268,ESN,AFR,Esan,African
HG03270,ESN,AFR,Esan,African
HG03271,ESN,AFR,Esan,African
HG03279,ESN,AFR,Esan,African
HG03280,ESN,AFR,Esan,African
HG03291,ESN,AFR,Esan,African
HG03294,ESN,AFR,Esan,African
HG03295,ESN,AFR,Esan,African
HG03297,ESN,AFR,Esan,African
HG03298,ESN,AFR,Esan,African
HG03300,ESN,AFR,Esan,African
HG03301,ESN,AFR,Esan,African
HG03303,ESN,AFR,Esan,African
HG03304,ESN,AFR,Esan,African
HG03311,ESN,AFR,Esan,African
HG03313,ESN,AFR,Esan,African
HG03342,ESN,AFR,Esan,African
HG03343,ESN,AFR,Esan,African
HG03351,ESN,AFR,Esan,African
HG03352,ESN,AFR,Esan,African
HG03354,ESN,AFR,Esan,African
HG03363,ESN,AFR,Esan,African
HG03366,ESN,AFR,Esan,African
HG03367,ESN,AFR,Esan,African
HG03369,ESN,AFR,Esan,African
HG03370,ESN,AFR,Esan,African
HG03372,ESN,AFR,Esan,African
HG03376,MSL,AFR,Mende,African
HG03378,MSL,AFR,Mende,African
HG03380,MSL,AFR,Mende,African
HG03382,MSL,AFR,Mende,African
HG03385,MSL,AFR,Mende,African
HG03388,MSL,AFR,Mende,African
HG03391,MSL,AFR,Mende,African
HG03394,MSL,AFR,Mende,African
HG03397,MSL,AFR,Mende,African
HG03401,MSL,AFR,Mende,African
HG03410,MSL,AFR,Mende,African
HG03419,MSL,AFR,Mende,African
HG03428,MSL,AFR,Mende,African
HG03432,MSL,AFR,Mende,African
HG03433,MSL,AFR,Mende,African
HG03436,MSL,AFR,Mende,African
HG03437,MSL,AFR,Mende,African
HG03439,MSL,AFR,Mende,African
HG03442,MSL,AFR,Mende,African
HG03445,MSL,AFR,Mende,African
HG03446,MSL,AFR,Mende,African
HG03449,MSL,AFR,Mende,African
HG03451,MSL,AFR,Mende,African
HG03452,MSL,AFR,Mende,African
HG03455,MSL,AFR,Mende,African
HG03457,MSL,AFR,Mende,African
HG03458,MSL,AFR,Mende,African
HG03460,MSL,AFR,Mende,African
HG03461,MSL,AFR,Mende,African
HG03464,MSL,AFR,Mende,African
HG03469,MSL,AFR,Mende,African
HG03470,MSL,AFR,Mende,African
HG03472,MSL,AFR,Mende,African
HG03473,MSL,AFR,Mende,African
HG03476,MSL,AFR,Mende,African
HG03478,MSL,AFR,Mende,African
HG03479,MSL,AFR,Mende,African
HG03484,MSL,AFR,Mende,African
HG03485,MSL,AFR,Mende,African
HG03488,PJL,SAS,,South Asian
HG03490,PJL,SAS,,South Asian
HG03491,PJL,SAS,,South Asian
HG03499,ESN,AFR,Esan,African
HG03511,ESN,AFR,Esan,African
HG03514,ESN,AFR,Esan,African
HG03515,ESN,AFR,Esan,African
HG03517,ESN,AFR,Esan,African
HG03518,ESN,AFR,Esan,African
HG03520,ESN,AFR,Esan,African
HG03521,ESN,AFR,Esan,African
HG03538,GWD,AFR,Gambian,African
HG03539,GWD,AFR,Gambian,African
HG03547,MSL,AFR,Mende,African
HG03548,MSL,AFR,Mende,African
HG03556,MSL,AFR,Mende,African
HG03557,MSL,AFR,Mende,African
HG03558,MSL,AFR,Mende,African
HG03559,MSL,AFR,Mende,African
HG03563,MSL,AFR,Mende,African
HG03565,MSL,AFR,Mende,African
HG03567,MSL,AFR,Mende,African
HG03571,MSL,AFR,Mende,African
HG03572,MSL,AFR,Mende,African
HG03575,MSL,AFR,Mende,African
HG03577,MSL,AFR,Mende,African
HG03578,MSL,AFR,Mende,African
HG03583,MSL,AFR,Mende,African
HG03585,BEB,SAS,Bengali,South Asian
HG03589,BEB,SAS,Bengali,South Asian
HG03593,BEB,SAS,Bengali,South Asian
HG03594,BEB,SAS,Bengali,South Asian
HG03595,BEB,SAS,Bengali,South Asian
HG03598,BEB,SAS,Bengali,South Asian
HG03600,BEB,SAS,Bengali,South Asian
HG03603,BEB,SAS,Bengali,South Asian
HG03604,BEB,SAS,Bengali,South Asian
HG03607,BEB,SAS,Bengali,South Asian
HG03611,BEB,SAS,Bengali,South Asian
HG03615,BEB,SAS,Bengali,South Asian
HG03616,BEB,SAS,Bengali,South Asian
HG03619,PJL,SAS,,South Asian
HG03624,PJL,SAS,,South Asian
HG03625,PJL,SAS,,South Asian
HG03629,PJL,SAS,,South Asian
HG03631,PJL,SAS,,South Asian
HG03634,PJL,SAS,,South Asian
HG03636,PJL,SAS,,South Asian
HG03640,PJL,SAS,,South Asian
HG03642,STU,SAS,Sri Lankan,South Asian
HG03643,STU,SAS,Sri Lankan,South Asian
HG03644,STU,SAS,Sri Lankan,South Asian
HG03645,STU,SAS,Sri Lankan,South Asian
HG03646,STU,SAS,Sri Lankan,South Asian
HG03649,PJL,SAS,,South Asian
HG03652,PJL,SAS,,South Asian
HG03653,PJL,SAS,,South Asian
HG03660,PJL,SAS,,South Asian
HG03663,PJL,SAS,,South Asian
HG03667,PJL,SAS,,South Asian
HG03668,PJL,SAS,,South Asian
HG03672,STU,SAS,Sri Lankan,South Asian
HG03673,STU,SAS,Sri Lankan,South Asian
HG03679,STU,SAS,Sri Lankan,South Asian
HG03680,STU,SAS,Sri Lankan,South Asian
HG03681,STU,SAS,Sri Lankan,South Asian
HG03684,STU,SAS,Sri Lankan,South Asian
HG03685,STU,SAS,Sri Lankan,South Asian
HG03686,STU,SAS,Sri Lankan,South Asian
HG03687,STU,SAS,Sri Lankan,South Asian
HG03689,STU,SAS,Sri Lankan,South Asian
HG03690,STU,SAS,Sri Lankan,South Asian
HG03691,STU,SAS,Sri Lankan,South Asian
HG03692,STU,SAS,Sri Lankan,South Asian
HG03693,STU,SAS,Sri Lankan,South Asian
HG03694,STU,SAS,Sri Lankan,South Asian
HG03695,STU,SAS,Sri Lankan,South Asian
HG03696,STU,SAS,Sri Lankan,South Asian
HG03697,STU,SAS,Sri Lankan,South Asian
HG03698,STU,SAS,Sri Lankan,South Asian
HG03702,PJL,SAS,,South Asian
HG03703,PJL,SAS,,South Asian
HG03705,PJL,SAS,,South Asian
HG03706,PJL,SAS,,South Asian
HG03708,PJL,SAS,,South Asian
HG03709,PJL,SAS,,South Asian
HG03711,STU,SAS,Sri Lankan,South Asian
HG03713,ITU,SAS,Indian,South Asian
HG03714,ITU,SAS,Indian,South Asian
HG03716,ITU,SAS,Indian,South Asian
HG03717,ITU,SAS,Indian,South Asian
HG03718,ITU,SAS,Indian,South Asian
HG03720,ITU,SAS,Indian,South Asian
HG03722,ITU,SAS,Indian,South Asian
HG03727,ITU,SAS,Indian,South Asian
HG03729,ITU,SAS,Indian,South Asian
HG03730,ITU,SAS,Indian,South Asian
HG03731,ITU,SAS,Indian,South Asian
HG03733,STU,SAS,Sri Lankan,South Asian
HG03736,STU,SAS,Sri Lankan,South Asian
HG03738,STU,SAS,Sri Lankan,South Asian
HG03740,STU,SAS,Sri Lankan,South Asian
HG03741,STU,SAS,Sri Lankan,South Asian
HG03742,ITU,SAS,Indian,South Asian
HG03743,STU,SAS,Sri Lankan,South Asian
HG03744,STU,SAS,Sri Lankan,South Asian
HG03745,STU,SAS,Sri Lankan,South Asian
HG03746,STU,SAS,Sri Lankan,South Asian
HG03750,STU,SAS,Sri Lankan,South Asian
HG03752,STU,SAS,Sri Lankan,South Asian
HG03753,STU,SAS,Sri Lankan,South Asian
HG03754,STU,SAS,Sri Lankan,South Asian
HG03755,STU,SAS,Sri Lankan,South Asian
HG03756,STU,SAS,Sri Lankan,South Asian
HG03757,STU,SAS,Sri Lankan,South Asian
HG03760,STU,SAS,Sri Lankan,South Asian
HG03762,PJL,SAS,,South Asian
HG03765,PJL,SAS,,South Asian
HG03767,PJL,SAS,,South Asian
HG03770,ITU,SAS,Indian,South Asian
HG03771,ITU,SAS,Indian,South Asian
HG03772,ITU,SAS,Indian,South Asian
HG03773,ITU,SAS,Indian,South Asian
HG03774,ITU,SAS,Indian,South Asian
HG03775,ITU,SAS,Indian,South Asian
HG03777,ITU,SAS,Indian,South Asian
HG03778,ITU,SAS,Indian,South Asian
HG03779,ITU,SAS,Indian,South Asian
HG03780,ITU,SAS,Indian,South Asian
HG03781,ITU,SAS,Indian,South Asian
HG03782,ITU,SAS,Indian,South Asian
HG03784,ITU,SAS,Indian,South Asian
HG03785,ITU,SAS,Indian,South Asian
HG03786,ITU,SAS,Indian,South Asian
HG03787,ITU,SAS,Indian,South Asian
HG03788,ITU,SAS,Indian,South Asian
HG03789,ITU,SAS,Indian,South Asian
HG03790,ITU,SAS,Indian,South Asian
HG03792,ITU,SAS,Indian,South Asian
HG03793,BEB,SAS,Bengali,South Asian
HG03796,BEB,SAS,Bengali,South Asian
HG03800,BEB,SAS,Bengali,South Asian
HG03802,BEB,SAS,Bengali,South Asian
HG03803,BEB,SAS,Bengali,South Asian
HG03805,BEB,SAS,Bengali,South Asian
HG03808,BEB,SAS,Bengali,South Asian
HG03809,BEB,SAS,Bengali,South Asian
HG03812,BEB,SAS,Bengali,South Asian
HG03814,BEB,SAS,Bengali,South Asian
HG03815,BEB,SAS,Bengali,South Asian
HG03817,BEB,SAS,Bengali,South Asian
HG03821,BEB,SAS,Bengali,South Asian
HG03823,BEB,SAS,Bengali,South Asian
HG03824,BEB,SAS,Bengali,South Asian
HG03826,BEB,SAS,Bengali,South Asian
HG03829,BEB,SAS,Bengali,South Asian
HG03830,BEB,SAS,Bengali,South Asian
HG03832,BEB,SAS,Bengali,South Asian
HG03833,BEB,SAS,Bengali,South Asian
HG03836,STU,SAS,Sri Lankan,South Asian
HG03837,STU,SAS,Sri Lankan,South Asian
HG03838,STU,SAS,Sri Lankan,South Asian
HG03844,STU,SAS,Sri Lankan,South Asian
HG03846,STU,SAS,Sri Lankan,South Asian
HG03848,STU,SAS,Sri Lankan,South Asian
HG03849,STU,SAS,Sri Lankan,South Asian
HG03850,STU,SAS,Sri Lankan,South Asian
HG03851,STU,SAS,Sri Lankan,South Asian
HG03854,STU,SAS,Sri Lankan,South Asian
HG03856,STU,SAS,Sri Lankan,South Asian
HG03857,STU,SAS,Sri Lankan,South Asian
HG03858,STU,SAS,Sri Lankan,South Asian
HG03861,ITU,SAS,Indian,South Asian
HG03862,ITU,SAS,Indian,South Asian
HG03863,ITU,SAS,Indian,South Asian
HG03864,ITU,SAS,Indian,South Asian
HG03866,ITU,SAS,Indian,South Asian
HG03867,ITU,SAS,Indian,South Asian
HG03868,ITU,SAS,Indian,South Asian
HG03869,ITU,SAS,Indian,South Asian
HG03870,ITU,SAS,Indian,South Asian
HG03871,ITU,SAS,Indian,South Asian
HG03872,ITU,SAS,Indian,South Asian
HG03873,ITU,SAS,Indian,South Asian
HG03874,ITU,SAS,Indian,South Asian
HG03875,ITU,SAS,Indian,South Asian
HG03882,ITU,SAS,Indian,South Asian
HG03884,STU,SAS,Sri Lankan,South Asian
HG03885,STU,SAS,Sri Lankan,South Asian
HG03886,STU,SAS,Sri Lankan,South Asian
HG03887,STU,SAS,Sri Lankan,South Asian
HG03888,STU,SAS,Sri Lankan,South Asian
HG03890,STU,SAS,Sri Lankan,South Asian
HG03894,STU,SAS,Sri Lankan,South Asian
HG03895,STU,SAS,Sri Lankan,South Asian
HG03896,STU,SAS,Sri Lankan,South Asian
HG03897,STU,SAS,Sri Lankan,South Asian
HG03898,STU,SAS,Sri Lankan,South Asian
HG03899,STU,SAS,Sri Lankan,South Asian
HG03900,STU,SAS,Sri Lankan,South Asian
HG03902,BEB,SAS,Bengali,South Asian
HG03905,BEB,SAS,Bengali,South Asian
HG03907,BEB,SAS,Bengali,South Asian
HG03908,BEB,SAS,Bengali,South Asian
HG03910,BEB,SAS,Bengali,South Asian
HG03911,BEB,SAS,Bengali,South Asian
HG03913,BEB,SAS,Bengali,South Asian
HG03914,BEB,SAS,Bengali,South Asian
HG03916,BEB,SAS,Bengali,South Asian
HG03917,BEB,SAS,Bengali,South Asian
HG03919,BEB,SAS,Bengali,South Asian
HG03920,BEB,SAS,Bengali,South Asian
HG03922,BEB,SAS,Bengali,South Asian
HG03925,BEB,SAS,Bengali,South Asian
HG03926,BEB,SAS,Bengali,South Asian
HG03928,BEB,SAS,Bengali,South Asian
HG03931,BEB,SAS,Bengali,South Asian
HG03934,BEB,SAS,Bengali,South Asian
HG03937,BEB,SAS,Bengali,South Asian
HG03940,BEB,SAS,Bengali,South Asian
HG03941,BEB,SAS,Bengali,South Asian
HG03943,STU,SAS,Sri Lankan,South Asian
HG03944,STU,SAS,Sri Lankan,South Asian
HG03945,STU,SAS,Sri Lankan,South Asian
HG03947,STU,SAS,Sri Lankan,South Asian
HG03949,STU,SAS,Sri Lankan,South Asian
HG03950,STU,SAS,Sri Lankan,South Asian
HG03951,STU,SAS,Sri Lankan,South Asian
HG03953,STU,SAS,Sri Lankan,South Asian
HG03955,STU,SAS,Sri Lankan,South Asian
HG03960,ITU,SAS,Indian,South Asian
HG03963,ITU,SAS,Indian,South Asian
HG03965,ITU,SAS,Indian,South Asian
HG03967,ITU,SAS,Indian,South Asian
HG03968,ITU,SAS,Indian,South Asian
HG03969,ITU,SAS,Indian,South Asian
HG03971,ITU,SAS,Indian,South Asian
HG03973,ITU,SAS,Indian,South Asian
HG03974,ITU,SAS,Indian,South Asian
HG03976,ITU,SAS,Indian,South Asian
HG03977,ITU,SAS,Indian,South Asian
HG03978,ITU,SAS,Indian,South Asian
HG03985,STU,SAS,Sri Lankan,South Asian
HG03986,STU,SAS,Sri Lankan,South Asian
HG03989,STU,SAS,Sri Lankan,South Asian
HG03990,STU,SAS,Sri Lankan,South Asian
HG03991,STU,SAS,Sri Lankan,South Asian
HG03995,STU,SAS,Sri Lankan,South Asian
HG03998,STU,SAS,Sri Lankan,South Asian
HG03999,STU,SAS,Sri Lankan,South Asian
HG04001,ITU,SAS,Indian,South Asian
HG04002,ITU,SAS,Indian,South Asian
HG04003,STU,SAS,Sri Lankan,South Asian
HG04006,STU,SAS,Sri Lankan,South Asian
HG04014,ITU,SAS,Indian,South Asian
HG04015,ITU,SAS,Indian,South Asian
HG04017,ITU,SAS,Indian,South Asian
HG04018,ITU,SAS,Indian,South Asian
HG04019,ITU,SAS,Indian,South Asian
HG04020,ITU,SAS,Indian,South Asian
HG04022,ITU,SAS,Indian,South Asian
HG04023,ITU,SAS,Indian,South Asian
HG04025,ITU,SAS,Indian,South Asian
HG04026,ITU,SAS,Indian,South Asian
HG04029,STU,SAS,Sri Lankan,South Asian
HG04033,STU,SAS,Sri Lankan,South Asian
HG04035,STU,SAS,Sri Lankan,South Asian
HG04038,STU,SAS,Sri Lankan,South Asian
HG04039,STU,SAS,Sri Lankan,South Asian
HG04042,STU,SAS,Sri Lankan,South Asian
HG04047,STU,SAS,Sri Lankan,South Asian
HG04054,ITU,SAS,Indian,South Asian
HG04056,ITU,SAS,Indian,South Asian
HG04059,ITU,SAS,Indian,South Asian
HG04060,ITU,SAS,Indian,South Asian
HG04061,ITU,SAS,Indian,South Asian
HG04062,ITU,SAS,Indian,South Asian
HG04063,ITU,SAS,Indian,South Asian
HG04070,ITU,SAS,Indian,South Asian
HG04075,STU,SAS,Sri Lankan,South Asian
HG04076,ITU,SAS,Indian,South Asian
HG04080,ITU,SAS,Indian,South Asian
HG04090,ITU,SAS,Indian,South Asian
HG04093,ITU,SAS,Indian,South Asian
HG04094,ITU,SAS,Indian,South Asian
HG04096,ITU,SAS,Indian,South Asian
HG04098,ITU,SAS,Indian,South Asian
HG04099,STU,SAS,Sri Lankan,South Asian
HG04100,STU,SAS,Sri Lankan,South Asian
HG04106,STU,SAS,Sri Lankan,South Asian
HG04107,STU,SAS,Sri Lankan,South Asian
HG04118,ITU,SAS,Indian,South Asian
HG04131,BEB,SAS,Bengali,South Asian
HG04134,BEB,SAS,Bengali,South Asian
HG04140,BEB,SAS,Bengali,South Asian
HG04141,BEB,SAS,Bengali,South Asian
HG04144,BEB,SAS,Bengali,South Asian
HG04146,BEB,SAS,Bengali,South Asian
HG04152,BEB,SAS,Bengali,South Asian
HG04153,BEB,SAS,Bengali,South Asian
HG04155,BEB,SAS,Bengali,South Asian
HG04156,BEB,SAS,Bengali,South Asian
HG04158,BEB,SAS,Bengali,South Asian
HG04159,BEB,SAS,Bengali,South Asian
HG04161,BEB,SAS,Bengali,South Asian
HG04162,BEB,SAS,Bengali,South Asian
HG04164,BEB,SAS,Bengali,South Asian
HG04171,BEB,SAS,Bengali,South Asian
HG04173,BEB,SAS,Bengali,South Asian
HG04176,BEB,SAS,Bengali,South Asian
HG04177,BEB,SAS,Bengali,South Asian
HG04180,BEB,SAS,Bengali,South Asian
HG04182,BEB,SAS,Bengali,South Asian
HG04183,BEB,SAS,Bengali,South Asian
HG04185,BEB,SAS,Bengali,South Asian
HG04186,BEB,SAS,Bengali,South Asian
HG04188,BEB,SAS,Bengali,South Asian
HG04189,BEB,SAS,Bengali,South Asian
HG04194,BEB,SAS,Bengali,South Asian
HG04195,BEB,SAS,Bengali,South Asian
HG04198,ITU,SAS,Indian,South Asian
HG04200,ITU,SAS,Indian,South Asian
HG04202,ITU,SAS,Indian,South Asian
HG04206,ITU,SAS,Indian,South Asian
HG04209,ITU,SAS,Indian,South Asian
HG04210,STU,SAS,Sri Lankan,South Asian
HG04211,ITU,SAS,Indian,South Asian
HG04212,ITU,SAS,Indian,South Asian
HG04214,ITU,SAS,Indian,South Asian
HG04216,ITU,SAS,Indian,South Asian
HG04219,ITU,SAS,Indian,South Asian
HG04222,ITU,SAS,Indian,South Asian
HG04225,ITU,SAS,Indian,South Asian
HG04227,STU,SAS,Sri Lankan,South Asian
HG04229,STU,SAS,Sri Lankan,South Asian
HG04235,ITU,SAS,Indian,South Asian
HG04238,ITU,SAS,Indian,South Asian
HG04239,ITU,SAS,Indian,South Asian
NA06984,CEU,EUR,CEPH,European
NA06985,CEU,EUR,CEPH,European
NA06986,CEU,EUR,CEPH,European
NA06989,CEU,EUR,CEPH,European
NA06994,CEU,EUR,CEPH,European
NA07000,CEU,EUR,CEPH,European
NA07037,CEU,EUR,CEPH,European
NA07048,CEU,EUR,CEPH,European
NA07051,CEU,EUR,CEPH,European
NA07056,CEU,EUR,CEPH,European
NA07347,CEU,EUR,CEPH,European
NA07357,CEU,EUR,CEPH,European
NA10847,CEU,EUR,CEPH,European
NA10851,CEU,EUR,CEPH,European
NA11829,CEU,EUR,CEPH,European
NA11830,CEU,EUR,CEPH,European
NA11831,CEU,EUR,CEPH,European
NA11832,CEU,EUR,CEPH,European
NA11840,CEU,EUR,CEPH,European
NA11843,CEU,EUR,CEPH,European
NA11881,CEU,EUR,CEPH,European
NA11892,CEU,EUR,CEPH,European
NA11893,CEU,EUR,CEPH,European
NA11894,CEU,EUR,CEPH,European
NA11918,CEU,EUR,CEPH,European
NA11919,CEU,EUR,CEPH,European
NA11920,CEU,EUR,CEPH,European
NA11930,CEU,EUR,CEPH,European
NA11931,CEU,EUR,CEPH,European
NA11932,CEU,EUR,CEPH,European
NA11933,CEU,EUR,CEPH,European
NA11992,CEU,EUR,CEPH,European
NA11994,CEU,EUR,CEPH,European
NA11995,CEU,EUR,CEPH,European
NA12003,CEU,EUR,CEPH,European
NA12004,CEU,EUR,CEPH,European
NA12005,CEU,EUR,CEPH,European
NA12006,CEU,EUR,CEPH,European
NA12043,CEU,EUR,CEPH,European
NA12044,CEU,EUR,CEPH,European
NA12045,CEU,EUR,CEPH,European
NA12046,CEU,EUR,CEPH,European
NA12058,CEU,EUR,CEPH,European
NA12144,CEU,EUR,CEPH,European
NA12154,CEU,EUR,CEPH,European
NA12155,CEU,EUR,CEPH,European
NA12156,CEU,EUR,CEPH,European
NA12234,CEU,EUR,CEPH,European
NA12249,CEU,EUR,CEPH,European
NA12272,CEU,EUR,CEPH,European
NA12273,CEU,EUR,CEPH,European
NA12275,CEU,EUR,CEPH,European
NA12282,CEU,EUR,CEPH,European
NA12283,CEU,EUR,CEPH,European
NA12286,CEU,EUR,CEPH,European
NA12287,CEU,EUR,CEPH,European
NA12340,CEU,EUR,CEPH,European
NA12341,CEU,EUR,CEPH,European
NA12342,CEU,EUR,CEPH,European
NA12347,CEU,EUR,CEPH,European
NA12348,CEU,EUR,CEPH,European
NA12383,CEU,EUR,CEPH,European
NA12399,CEU,EUR,CEPH,European
NA12400,CEU,EUR,CEPH,European
NA12413,CEU,EUR,CEPH,European
NA12414,CEU,EUR,CEPH,European
NA12489,CEU,EUR,CEPH,European
NA12546,CEU,EUR,CEPH,European
NA12716,CEU,EUR,CEPH,European
NA12717,CEU,EUR,CEPH,European
NA12718,CEU,EUR,CEPH,European
NA12748,CEU,EUR,CEPH,European
NA12749,CEU,EUR,CEPH,European
NA12750,CEU,EUR,CEPH,European
NA12751,CEU,EUR,CEPH,European
NA12760,CEU,EUR,CEPH,European
NA12761,CEU,EUR,CEPH,European
NA12762,CEU,EUR,CEPH,European
NA12763,CEU,EUR,CEPH,European
NA12775,CEU,EUR,CEPH,European
NA12776,CEU,EUR,CEPH,European
NA12777,CEU,EUR,CEPH,European
NA12778,CEU,EUR,CEPH,European
NA12812,CEU,EUR,CEPH,European
NA12813,CEU,EUR,CEPH,European
NA12814,CEU,EUR,CEPH,European
NA12815,CEU,EUR,CEPH,European
NA12827,CEU,EUR,CEPH,European
NA12828,CEU,EUR,CEPH,European
NA12829,CEU,EUR,CEPH,European
NA12830,CEU,EUR,CEPH,European
NA12842,CEU,EUR,CEPH,European
NA12843,CEU,EUR,CEPH,European
NA12872,CEU,EUR,CEPH,European
NA12873,CEU,EUR,CEPH,European
NA12874,CEU,EUR,CEPH,European
NA12878,CEU,EUR,CEPH,European
NA12889,CEU,EUR,CEPH,European
NA12890,CEU,EUR,CEPH,European
NA18486,YRI,AFR,Yoruba,African
NA18488,YRI,AFR,Yoruba,African
NA18489,YRI,AFR,Yoruba,African
NA18498,YRI,AFR,Yoruba,African
NA18499,YRI,AFR,Yoruba,African
NA18501,YRI,AFR,Yoruba,African
NA18502,YRI,AFR,Yoruba,African
NA18504,YRI,AFR,Yoruba,African
NA18505,YRI,AFR,Yoruba,African
NA18507,YRI,AFR,Yoruba,African
NA18508,YRI,AFR,Yoruba,African
NA18510,YRI,AFR,Yoruba,African
NA18511,YRI,AFR,Yoruba,African
NA18516,YRI,AFR,Yoruba,African
NA18517,YRI,AFR,Yoruba,African
NA18519,YRI,AFR,Yoruba,African
NA18520,YRI,AFR,Yoruba,African
NA18522,YRI,AFR,Yoruba,African
NA18523,YRI,AFR,Yoruba,African
NA18525,CHB,EAS,Han Chinese,East Asian
NA18526,CHB,EAS,Han Chinese,East Asian
NA18528,CHB,EAS,Han Chinese,East Asian
NA18530,CHB,EAS,Han Chinese,East Asian
NA18531,CHB,EAS,Han Chinese,East Asian
NA18532,CHB,EAS,Han Chinese,East Asian
NA18533,CHB,EAS,Han Chinese,East Asian
NA18534,CHB,EAS,Han Chinese,East Asian
NA18535,CHB,EAS,Han Chinese,East Asian
NA18536,CHB,EAS,Han Chinese,East Asian
NA18537,CHB,EAS,Han Chinese,East Asian
NA18538,CHB,EAS,Han Chinese,East Asian
NA18539,CHB,EAS,Han Chinese,East Asian
NA18541,CHB,EAS,Han Chinese,East Asian
NA18542,CHB,EAS,Han Chinese,East Asian
NA18543,CHB,EAS,Han Chinese,East Asian
NA18544,CHB,EAS,Han Chinese,East Asian
NA18545,CHB,EAS,Han Chinese,East Asian
NA18546,CHB,EAS,Han Chinese,East Asian
NA18547,CHB,EAS,Han Chinese,East Asian
NA18548,CHB,EAS,Han Chinese,East Asian
NA18549,CHB,EAS,Han Chinese,East Asian
NA18550,CHB,EAS,Han Chinese,East Asian
NA18552,CHB,EAS,Han Chinese,East Asian
NA18553,CHB,EAS,Han Chinese,East Asian
NA18555,CHB,EAS,Han Chinese,East Asian
NA18557,CHB,EAS,Han Chinese,East Asian
NA18558,CHB,EAS,Han Chinese,East Asian
NA18559,CHB,EAS,Han Chinese,East Asian
NA18560,CHB,EAS,Han Chinese,East Asian
NA18561,CHB,EAS,Han Chinese,East Asian
NA18562,CHB,EAS,Han Chinese,East Asian
NA18563,CHB,EAS,Han Chinese,East Asian
NA18564,CHB,EAS,Han Chinese,East Asian
NA18565,CHB,EAS,Han Chinese,East Asian
NA18566,CHB,EAS,Han Chinese,East Asian
NA18567,CHB,EAS,Han Chinese,East Asian
NA18570,CHB,EAS,Han Chinese,East Asian
NA18571,CHB,EAS,Han Chinese,East Asian
NA18572,CHB,EAS,Han Chinese,East Asian
NA18573,CHB,EAS,Han Chinese,East Asian
NA18574,CHB,EAS,Han Chinese,East Asian
NA18577,CHB,EAS,Han Chinese,East Asian
NA18579,CHB,EAS,Han Chinese,East Asian
NA18582,CHB,EAS,Han Chinese,East Asian
NA18591,CHB,EAS,Han Chinese,East Asian
NA18592,CHB,EAS,Han Chinese,East Asian
NA18593,CHB,EAS,Han Chinese,East Asian
NA18595,CHB,EAS,Han Chinese,East Asian
NA18596,CHB,EAS,Han Chinese,East Asian
NA18597,CHB,EAS,Han Chinese,East Asian
NA18599,CHB,EAS,Han Chinese,East Asian
NA18602,CHB,EAS,Han Chinese,East Asian
NA18603,CHB,EAS,Han Chinese,East Asian
NA18605,CHB,EAS,Han Chinese,East Asian
NA18606,CHB,EAS,Han Chinese,East Asian
NA18608,CHB,EAS,Han Chinese,East Asian
NA18609,CHB,EAS,Han Chinese,East Asian
NA18610,CHB,EAS,Han Chinese,East Asian
NA18611,CHB,EAS,Han Chinese,East Asian
NA18612,CHB,EAS,Han Chinese,East Asian
NA18613,CHB,EAS,Han Chinese,East Asian
NA18614,CHB,EAS,Han Chinese,East Asian
NA18615,CHB,EAS,Han Chinese,East Asian
NA18616,CHB,EAS,Han Chinese,East Asian
NA18617,CHB,EAS,Han Chinese,East Asian
NA18618,CHB,EAS,Han Chinese,East Asian
NA18619,CHB,EAS,Han Chinese,East Asian
NA18620,CHB,EAS,Han Chinese,East Asian
NA18621,CHB,EAS,Han Chinese,East Asian
NA18622,CHB,EAS,Han Chinese,East Asian
NA18623,CHB,EAS,Han Chinese,East Asian
NA18624,CHB,EAS,Han Chinese,East Asian
NA18625,CHB,EAS,Han Chinese,East Asian
NA18626,CHB,EAS,Han Chinese,East Asian
NA18627,CHB,EAS,Han Chinese,East Asian
NA18628,CHB,EAS,Han Chinese,East Asian
NA18629,CHB,EAS,Han Chinese,East Asian
NA18630,CHB,EAS,Han Chinese,East Asian
NA18631,CHB,EAS,Han Chinese,East Asian
NA18632,CHB,EAS,Han Chinese,East Asian
NA18633,CHB,EAS,Han Chinese,East Asian
NA18634,CHB,EAS,Han Chinese,East Asian
NA18635,CHB,EAS,Han Chinese,East Asian
NA18636,CHB,EAS,Han Chinese,East Asian
NA18637,CHB,EAS,Han Chinese,East Asian
NA18638,CHB,EAS,Han Chinese,East Asian
NA18639,CHB,EAS,Han Chinese,East Asian
NA18640,CHB,EAS,Han Chinese,East Asian
NA18641,CHB,EAS,Han Chinese,East Asian
NA18642,CHB,EAS,Han Chinese,East Asian
NA18643,CHB,EAS,Han Chinese,East Asian
NA18644,CHB,EAS,Han Chinese,East Asian
NA18645,CHB,EAS,Han Chinese,East Asian
NA18646,CHB,EAS,Han Chinese,East Asian
NA18647,CHB,EAS,Han Chinese,East Asian
NA18648,CHB,EAS,Han Chinese,East Asian
NA18740,CHB,EAS,Han Chinese,East Asian
NA18745,CHB,EAS,Han Chinese,East Asian
NA18747,CHB,EAS,Han Chinese,East Asian
NA18748,CHB,EAS,Han Chinese,East Asian
NA18749,CHB,EAS,Han Chinese,East Asian
NA18757,CHB,EAS,Han Chinese,East Asian
NA18853,YRI,AFR,Yoruba,African
NA18856,YRI,AFR,Yoruba,African
NA18858,YRI,AFR,Yoruba,African
NA18861,YRI,AFR,Yoruba,African
NA18864,YRI,AFR,Yoruba,African
NA18865,YRI,AFR,Yoruba,African
NA18867,YRI,AFR,Yoruba,African
NA18868,YRI,AFR,Yoruba,African
NA18870,YRI,AFR,Yoruba,African
NA18871,YRI,AFR,Yoruba,African
NA18873,YRI,AFR,Yoruba,African
NA18874,YRI,AFR,Yoruba,African
NA18876,YRI,AFR,Yoruba,African
NA18877,YRI,AFR,Yoruba,African
NA18878,YRI,AFR,Yoruba,African
NA18879,YRI,AFR,Yoruba,African
NA18881,YRI,AFR,Yoruba,African
NA18907,YRI,AFR,Yoruba,African
NA18908,YRI,AFR,Yoruba,African
NA18909,YRI,AFR,Yoruba,African
NA18910,YRI,AFR,Yoruba,African
NA18912,YRI,AFR,Yoruba,African
NA18915,YRI,AFR,Yoruba,African
NA18916,YRI,AFR,Yoruba,African
NA18917,YRI,AFR,Yoruba,African
NA18923,YRI,AFR,Yoruba,African
NA18924,YRI,AFR,Yoruba,African
NA18933,YRI,AFR,Yoruba,African
NA18934,YRI,AFR,Yoruba,African
NA18939,JPT,EAS,Japanese,East Asian
NA18940,JPT,EAS,Japanese,East Asian
NA18941,JPT,EAS,Japanese,East Asian
NA18942,JPT,EAS,Japanese,East Asian
NA18943,JPT,EAS,Japanese,East Asian
NA18944,JPT,EAS,Japanese,East Asian
NA18945,JPT,EAS,Japanese,East Asian
NA18946,JPT,EAS,Japanese,East Asian
NA18947,JPT,EAS,Japanese,East Asian
NA18948,JPT,EAS,Japanese,East Asian
NA18949,JPT,EAS,Japanese,East Asian
NA18950,JPT,EAS,Japanese,East Asian
NA18951,JPT,EAS,Japanese,East Asian
NA18952,JPT,EAS,Japanese,East Asian
NA18953,JPT,EAS,Japanese,East Asian
NA18954,JPT,EAS,Japanese,East Asian
NA18956,JPT,EAS,Japanese,East Asian
NA18957,JPT,EAS,Japanese,East Asian
NA18959,JPT,EAS,Japanese,East Asian
NA18960,JPT,EAS,Japanese,East Asian
NA18961,JPT,EAS,Japanese,East Asian
NA18962,JPT,EAS,Japanese,East Asian
NA18963,JPT,EAS,Japanese,East Asian
NA18964,JPT,EAS,Japanese,East Asian
NA18965,JPT,EAS,Japanese,East Asian
NA18966,JPT,EAS,Japanese,East Asian
NA18967,JPT,EAS,Japanese,East Asian
NA18968,JPT,EAS,Japanese,East Asian
NA18969,JPT,EAS,Japanese,East Asian
NA18970,JPT,EAS,Japanese,East Asian
NA18971,JPT,EAS,Japanese,East Asian
NA18972,JPT,EAS,Japanese,East Asian
NA18973,JPT,EAS,Japanese,East Asian
NA18974,JPT,EAS,Japanese,East Asian
NA18975,JPT,EAS,Japanese,East Asian
NA18976,JPT,EAS,Japanese,East Asian
NA18977,JPT,EAS,Japanese,East Asian
NA18978,JPT,EAS,Japanese,East Asian
NA18979,JPT,EAS,Japanese,East Asian
NA18980,JPT,EAS,Japanese,East Asian
NA18981,JPT,EAS,Japanese,East Asian
NA18982,JPT,EAS,Japanese,East Asian
NA18983,JPT,EAS,Japanese,East Asian
NA18984,JPT,EAS,Japanese,East Asian
NA18985,JPT,EAS,Japanese,East Asian
NA18986,JPT,EAS,Japanese,East Asian
NA18987,JPT,EAS,Japanese,East Asian
NA18988,JPT,EAS,Japanese,East Asian
NA18989,JPT,EAS,Japanese,East Asian
NA18990,JPT,EAS,Japanese,East Asian
NA18991,JPT,EAS,Japanese,East Asian
NA18992,JPT,EAS,Japanese,East Asian
NA18993,JPT,EAS,Japanese,East Asian
NA18994,JPT,EAS,Japanese,East Asian
NA18995,JPT,EAS,Japanese,East Asian
NA18997,JPT,EAS,Japanese,East Asian
NA18998,JPT,EAS,Japanese,East Asian
NA18999,JPT,EAS,Japanese,East Asian
NA19000,JPT,EAS,Japanese,East Asian
NA19001,JPT,EAS,Japanese,East Asian
NA19002,JPT,EAS,Japanese,East Asian
NA19003,JPT,EAS,Japanese,East Asian
NA19004,JPT,EAS,Japanese,East Asian
NA19005,JPT,EAS,Japanese,East Asian
NA19006,JPT,EAS,Japanese,East Asian
NA19007,JPT,EAS,Japanese,East Asian
NA19009,JPT,EAS,Japanese,East Asian
NA19010,JPT,EAS,Japanese,East Asian
NA19011,JPT,EAS,Japanese,East Asian
NA19012,JPT,EAS,Japanese,East Asian
NA19017,LWK,AFR,Luhya,African
NA19019,LWK,AFR,Luhya,African
NA19020,LWK,AFR,Luhya,African
NA19023,LWK,AFR,Luhya,African
NA19024,LWK,AFR,Luhya,African
NA19025,LWK,AFR,Luhya,African
NA19026,LWK,AFR,Luhya,African
NA19027,LWK,AFR,Luhya,African
NA19028,LWK,AFR,Luhya,African
NA19030,LWK,AFR,Luhya,African
NA19031,LWK,AFR,Luhya,African
NA19035,LWK,AFR,Luhya,African
NA19036,LWK,AFR,Luhya,African
NA19037,LWK,AFR,Luhya,African
NA19038,LWK,AFR,Luhya,African
NA19041,LWK,AFR,Luhya,African
NA19042,LWK,AFR,Luhya,African
NA19043,LWK,AFR,Luhya,African
NA19054,JPT,EAS,Japanese,East Asian
NA19055,JPT,EAS,Japanese,East Asian
NA19056,JPT,EAS,Japanese,East Asian
NA19057,JPT,EAS,Japanese,East Asian
NA19058,JPT,EAS,Japanese,East Asian
NA19059,JPT,EAS,Japanese,East Asian
NA19060,JPT,EAS,Japanese,East Asian
NA19062,JPT,EAS,Japanese,East Asian
NA19063,JPT,EAS,Japanese,East Asian
NA19064,JPT,EAS,Japanese,East Asian
NA19065,JPT,EAS,Japanese,East Asian
NA19066,JPT,EAS,Japanese,East Asian
NA19067,JPT,EAS,Japanese,East Asian
NA19068,JPT,EAS,Japanese,East Asian
NA19070,JPT,EAS,Japanese,East Asian
NA19072,JPT,EAS,Japanese,East Asian
NA19074,JPT,EAS,Japanese,East Asian
NA19075,JPT,EAS,Japanese,East Asian
NA19076,JPT,EAS,Japanese,East Asian
NA19077,JPT,EAS,Japanese,East Asian
NA19078,JPT,EAS,Japanese,East Asian
NA19079,JPT,EAS,Japanese,East Asian
NA19080,JPT,EAS,Japanese,East Asian
NA19081,JPT,EAS,Japanese,East Asian
NA19082,JPT,EAS,Japanese,East Asian
NA19083,JPT,EAS,Japanese,East Asian
NA19084,JPT,EAS,Japanese,East Asian
NA19085,JPT,EAS,Japanese,East Asian
NA19086,JPT,EAS,Japanese,East Asian
NA19087,JPT,EAS,Japanese,East Asian
NA19088,JPT,EAS,Japanese,East Asian
NA19089,JPT,EAS,Japanese,East Asian
NA19090,JPT,EAS,Japanese,East Asian
NA19091,JPT,EAS,Japanese,East Asian
NA19092,YRI,AFR,Yoruba,African
NA19093,YRI,AFR,Yoruba,African
NA19095,YRI,AFR,Yoruba,African
NA19096,YRI,AFR,Yoruba,African
NA19098,YRI,AFR,Yoruba,African
NA19099,YRI,AFR,Yoruba,African
NA19102,YRI,AFR,Yoruba,African
NA19107,YRI,AFR,Yoruba,African
NA19108,YRI,AFR,Yoruba,African
NA19113,YRI,AFR,Yoruba,African
NA19114,YRI,AFR,Yoruba,African
NA19116,YRI,AFR,Yoruba,African
NA19117,YRI,AFR,Yoruba,African
NA19118,YRI,AFR,Yoruba,African
NA19119,YRI,AFR,Yoruba,African
NA19121,YRI,AFR,Yoruba,African
NA19129,YRI,AFR,Yoruba,African
NA19130,YRI,AFR,Yoruba,African
NA19131,YRI,AFR,Yoruba,African
NA19137,YRI,AFR,Yoruba,African
NA19138,YRI,AFR,Yoruba,African
NA19141,YRI,AFR,Yoruba,African
NA19143,YRI,AFR,Yoruba,African
NA19144,YRI,AFR,Yoruba,African
NA19146,YRI,AFR,Yoruba,African
NA19147,YRI,AFR,Yoruba,African
NA19149,YRI,AFR,Yoruba,African
NA19152,YRI,AFR,Yoruba,African
NA19153,YRI,AFR,Yoruba,African
NA19159,YRI,AFR,Yoruba,African
NA19160,YRI,AFR,Yoruba,African
NA19171,YRI,AFR,Yoruba,African
NA19172,YRI,AFR,Yoruba,African
NA19175,YRI,AFR,Yoruba,African
NA19184,YRI,AFR,Yoruba,African
NA19185,YRI,AFR,Yoruba,African
NA19189,YRI,AFR,Yoruba,African
NA19190,YRI,AFR,Yoruba,African
NA19197,YRI,AFR,Yoruba,African
NA19198,YRI,AFR,Yoruba,African
NA19200,YRI,AFR,Yoruba,African
NA19201,YRI,AFR,Yoruba,African
NA19204,YRI,AFR,Yoruba,African
NA19206,YRI,AFR,Yoruba,African
NA19207,YRI,AFR,Yoruba,African
NA19209,YRI,AFR,Yoruba,African
NA19210,YRI,AFR,Yoruba,African
NA19213,YRI,AFR,Yoruba,African
NA19214,YRI,AFR,Yoruba,African
NA19222,YRI,AFR,Yoruba,African
NA19223,YRI,AFR,Yoruba,African
NA19225,YRI,AFR,Yoruba,African
NA19235,YRI,AFR,Yoruba,African
NA19236,YRI,AFR,Yoruba,African
NA19238,YRI,AFR,Yoruba,African
NA19239,YRI,AFR,Yoruba,African
NA19247,YRI,AFR,Yoruba,African
NA19248,YRI,AFR,Yoruba,African
NA19256,YRI,AFR,Yoruba,African
NA19257,YRI,AFR,Yoruba,African
NA19307,LWK,AFR,Luhya,African
NA19308,LWK,AFR,Luhya,African
NA19309,LWK,AFR,Luhya,African
NA19310,LWK,AFR,Luhya,African
NA19312,LWK,AFR,Luhya,African
NA19314,LWK,AFR,Luhya,African
NA19315,LWK,AFR,Luhya,African
NA19316,LWK,AFR,Luhya,African
NA19317,LWK,AFR,Luhya,African
NA19318,LWK,AFR,Luhya,African
NA19319,LWK,AFR,Luhya,African
NA19320,LWK,AFR,Luhya,African
NA19321,LWK,AFR,Luhya,African
NA19323,LWK,AFR,Luhya,African
NA19324,LWK,AFR,Luhya,African
NA19327,LWK,AFR,Luhya,African
NA19328,LWK,AFR,Luhya,African
NA19331,LWK,AFR,Luhya,African
NA19332,LWK,AFR,Luhya,African
NA19334,LWK,AFR,Luhya,African
NA19338,LWK,AFR,Luhya,African
NA19346,LWK,AFR,Luhya,African
NA19347,LWK,AFR,Luhya,African
NA19350,LWK,AFR,Luhya,African
NA19351,LWK,AFR,Luhya,African
NA19355,LWK,AFR,Luhya,African
NA19360,LWK,AFR,Luhya,African
NA19372,LWK,AFR,Luhya,African
NA19374,LWK,AFR,Luhya,African
NA19375,LWK,AFR,Luhya,African
NA19376,LWK,AFR,Luhya,African
NA19377,LWK,AFR,Luhya,African
NA19378,LWK,AFR,Luhya,African
NA19379,LWK,AFR,Luhya,African
NA19380,LWK,AFR,Luhya,African
NA19383,LWK,AFR,Luhya,African
NA19384,LWK,AFR,Luhya,African
NA19385,LWK,AFR,Luhya,African
NA19390,LWK,AFR,Luhya,African
NA19391,LWK,AFR,Luhya,African
NA19393,LWK,AFR,Luhya,African
NA19394,LWK,AFR,Luhya,African
NA19395,LWK,AFR,Luhya,African
NA19397,LWK,AFR,Luhya,African
NA19399,LWK,AFR,Luhya,African
NA19401,LWK,AFR,Luhya,African
NA19403,LWK,AFR,Luhya,African
NA19404,LWK,AFR,Luhya,African
NA19428,LWK,AFR,Luhya,African
NA19429,LWK,AFR,Luhya,African
NA19430,LWK,AFR,Luhya,African
NA19431,LWK,AFR,Luhya,African
NA19434,LWK,AFR,Luhya,African
NA19435,LWK,AFR,Luhya,African
NA19436,LWK,AFR,Luhya,African
NA19437,LWK,AFR,Luhya,African
NA19438,LWK,AFR,Luhya,African
NA19439,LWK,AFR,Luhya,African
NA19440,LWK,AFR,Luhya,African
NA19443,LWK,AFR,Luhya,African
NA19445,LWK,AFR,Luhya,African
NA19446,LWK,AFR,Luhya,African
NA19448,LWK,AFR,Luhya,African
NA19449,LWK,AFR,Luhya,African
NA19451,LWK,AFR,Luhya,African
NA19452,LWK,AFR,Luhya,African
NA19454,LWK,AFR,Luhya,African
NA19455,LWK,AFR,Luhya,African
NA19456,LWK,AFR,Luhya,African
NA19457,LWK,AFR,Luhya,African
NA19461,LWK,AFR,Luhya,African
NA19462,LWK,AFR,Luhya,African
NA19463,LWK,AFR,Luhya,African
NA19466,LWK,AFR,Luhya,African
NA19467,LWK,AFR,Luhya,African
NA19468,LWK,AFR,Luhya,African
NA19471,LWK,AFR,Luhya,African
NA19472,LWK,AFR,Luhya,African
NA19473,LWK,AFR,Luhya,African
NA19474,LWK,AFR,Luhya,African
NA19475,LWK,AFR,Luhya,African
NA19625,ASW,AMR,African-American SW,American
NA19648,MXL,AMR,Mexican-American,American
NA19649,MXL,AMR,Mexican-American,American
NA19651,MXL,AMR,Mexican-American,American
NA19652,MXL,AMR,Mexican-American,American
NA19654,MXL,AMR,Mexican-American,American
NA19655,MXL,AMR,Mexican-American,American
NA19657,MXL,AMR,Mexican-American,American
NA19658,MXL,AMR,Mexican-American,American
NA19661,MXL,AMR,Mexican-American,American
NA19663,MXL,AMR,Mexican-American,American
NA19664,MXL,AMR,Mexican-American,American
NA19669,MXL,AMR,Mexican-American,American
NA19670,MXL,AMR,Mexican-American,American
NA19676,MXL,AMR,Mexican-American,American
NA19678,MXL,AMR,Mexican-American,American
NA19679,MXL,AMR,Mexican-American,American
NA19681,MXL,AMR,Mexican-American,American
NA19682,MXL,AMR,Mexican-American,American
NA19684,MXL,AMR,Mexican-American,American
NA19700,ASW,AMR,African-American SW,American
NA19701,ASW,AMR,African-American SW,American
NA19703,ASW,AMR,African-American SW,American
NA19704,ASW,AMR,African-American SW,American
NA19707,ASW,AMR,African-American SW,American
NA19711,ASW,AMR,African-American SW,American
NA19712,ASW,AMR,African-American SW,American
NA19713,ASW,AMR,African-American SW,American
NA19716,MXL,AMR,Mexican-American,American
NA19717,MXL,AMR,Mexican-American,American
NA19719,MXL,AMR,Mexican-American,American
NA19720,MXL,AMR,Mexican-American,American
NA19722,MXL,AMR,Mexican-American,American
NA19723,MXL,AMR,Mexican-American,American
NA19725,MXL,AMR,Mexican-American,American
NA19726,MXL,AMR,Mexican-American,American
NA19728,MXL,AMR,Mexican-American,American
NA19729,MXL,AMR,Mexican-American,American
NA19731,MXL,AMR,Mexican-American,American
NA19732,MXL,AMR,Mexican-American,American
NA19734,MXL,AMR,Mexican-American,American
NA19735,MXL,AMR,Mexican-American,American
NA19740,MXL,AMR,Mexican-American,American
NA19741,MXL,AMR,Mexican-American,American
NA19746,MXL,AMR,Mexican-American,American
NA19747,MXL,AMR,Mexican-American,American
NA19749,MXL,AMR,Mexican-American,American
NA19750,MXL,AMR,Mexican-American,American
NA19752,MXL,AMR,Mexican-American,American
NA19755,MXL,AMR,Mexican-American,American
NA19756,MXL,AMR,Mexican-American,American
NA19758,MXL,AMR,Mexican-American,American
NA19759,MXL,AMR,Mexican-American,American
NA19761,MXL,AMR,Mexican-American,American
NA19762,MXL,AMR,Mexican-American,American
NA19764,MXL,AMR,Mexican-American,American
NA19770,MXL,AMR,Mexican-American,American
NA19771,MXL,AMR,Mexican-American,American
NA19773,MXL,AMR,Mexican-American,American
NA19774,MXL,AMR,Mexican-American,American
NA19776,MXL,AMR,Mexican-American,American
NA19777,MXL,AMR,Mexican-American,American
NA19779,MXL,AMR,Mexican-American,American
NA19780,MXL,AMR,Mexican-American,American
NA19782,MXL,AMR,Mexican-American,American
NA19783,MXL,AMR,Mexican-American,American
NA19785,MXL,AMR,Mexican-American,American
NA19786,MXL,AMR,Mexican-American,American
NA19788,MXL,AMR,Mexican-American,American
NA19789,MXL,AMR,Mexican-American,American
NA19792,MXL,AMR,Mexican-American,American
NA19794,MXL,AMR,Mexican-American,American
NA19795,MXL,AMR,Mexican-American,American
NA19818,ASW,AMR,African-American SW,American
NA19819,ASW,AMR,African-American SW,American
NA19834,ASW,AMR,African-American SW,American
NA19835,ASW,AMR,African-American SW,American
NA19900,ASW,AMR,African-American SW,American
NA19901,ASW,AMR,African-American SW,American
NA19904,ASW,AMR,African-American SW,American
NA19908,ASW,AMR,African-American SW,American
NA19909,ASW,AMR,African-American SW,American
NA19913,ASW,AMR,African-American SW,American
NA19914,ASW,AMR,African-American SW,American
NA19916,ASW,AMR,African-American SW,American
NA19917,ASW,AMR,African-American SW,American
NA19920,ASW,AMR,African-American SW,American
NA19921,ASW,AMR,African-American SW,American
NA19922,ASW,AMR,African-American SW,American
NA19923,ASW,AMR,African-American SW,American
NA19982,ASW,AMR,African-American SW,American
NA19984,ASW,AMR,African-American SW,American
NA20126,ASW,AMR,African-American SW,American
NA20127,ASW,AMR,African-American SW,American
NA20274,ASW,AMR,African-American SW,American
NA20276,ASW,AMR,African-American SW,American
NA20278,ASW,AMR,African-American SW,American
NA20281,ASW,AMR,African-American SW,American
NA20282,ASW,AMR,African-American SW,American
NA20287,ASW,AMR,African-American SW,American
NA20289,ASW,AMR,African-American SW,American
NA20291,ASW,AMR,African-American SW,American
NA20294,ASW,AMR,African-American SW,American
NA20296,ASW,AMR,African-American SW,American
NA20298,ASW,AMR,African-American SW,American
NA20299,ASW,AMR,African-American SW,American
NA20314,ASW,AMR,African-American SW,American
NA20317,ASW,AMR,African-American SW,American
NA20318,ASW,AMR,African-American SW,American
NA20320,ASW,AMR,African-American SW,American
NA20321,ASW,AMR,African-American SW,American
NA20332,ASW,AMR,African-American SW,American
NA20334,ASW,AMR,African-American SW,American
NA20339,ASW,AMR,African-American SW,American
NA20340,ASW,AMR,African-American SW,American
NA20342,ASW,AMR,African-American SW,American
NA20346,ASW,AMR,African-American SW,American
NA20348,ASW,AMR,African-American SW,American
NA20351,ASW,AMR,African-American SW,American
NA20355,ASW,AMR,African-American SW,American
NA20356,ASW,AMR,African-American SW,American
NA20357,ASW,AMR,African-American SW,American
NA20359,ASW,AMR,African-American SW,American
NA20362,ASW,AMR,African-American SW,American
NA20412,ASW,AMR,African-American SW,American
NA20502,TSI,EUR,Tuscan,European
NA20503,TSI,EUR,Tuscan,European
NA20504,TSI,EUR,Tuscan,European
NA20505,TSI,EUR,Tuscan,European
NA20506,TSI,EUR,Tuscan,European
NA20507,TSI,EUR,Tuscan,European
NA20508,TSI,EUR,Tuscan,European
NA20509,TSI,EUR,Tuscan,European
NA20510,TSI,EUR,Tuscan,European
NA20511,TSI,EUR,Tuscan,European
NA20512,TSI,EUR,Tuscan,European
NA20513,TSI,EUR,Tuscan,European
NA20514,TSI,EUR,Tuscan,European
NA20515,TSI,EUR,Tuscan,European
NA20516,TSI,EUR,Tuscan,European
NA20517,TSI,EUR,Tuscan,European
NA20518,TSI,EUR,Tuscan,European
NA20519,TSI,EUR,Tuscan,European
NA20520,TSI,EUR,Tuscan,European
NA20521,TSI,EUR,Tuscan,European
NA20522,TSI,EUR,Tuscan,European
NA20524,TSI,EUR,Tuscan,European
NA20525,TSI,EUR,Tuscan,European
NA20527,TSI,EUR,Tuscan,European
NA20528,TSI,EUR,Tuscan,European
NA20529,TSI,EUR,Tuscan,European
NA20530,TSI,EUR,Tuscan,European
NA20531,TSI,EUR,Tuscan,European
NA20532,TSI,EUR,Tuscan,European
NA20533,TSI,EUR,Tuscan,European
NA20534,TSI,EUR,Tuscan,European
NA20535,TSI,EUR,Tuscan,European
NA20536,TSI,EUR,Tuscan,European
NA20538,TSI,EUR,Tuscan,European
NA20539,TSI,EUR,Tuscan,European
NA20540,TSI,EUR,Tuscan,European
NA20541,TSI,EUR,Tuscan,European
NA20542,TSI,EUR,Tuscan,European
NA20543,TSI,EUR,Tuscan,European
NA20544,TSI,EUR,Tuscan,European
NA20581,TSI,EUR,Tuscan,European
NA20582,TSI,EUR,Tuscan,European
NA20585,TSI,EUR,Tuscan,European
NA20586,TSI,EUR,Tuscan,European
NA20587,TSI,EUR,Tuscan,European
NA20588,TSI,EUR,Tuscan,European
NA20589,TSI,EUR,Tuscan,European
NA20752,TSI,EUR,Tuscan,European
NA20753,TSI,EUR,Tuscan,European
NA20754,TSI,EUR,Tuscan,European
NA20755,TSI,EUR,Tuscan,European
NA20756,TSI,EUR,Tuscan,European
NA20757,TSI,EUR,Tuscan,European
NA20758,TSI,EUR,Tuscan,European
NA20759,TSI,EUR,Tuscan,European
NA20760,TSI,EUR,Tuscan,European
NA20761,TSI,EUR,Tuscan,European
NA20762,TSI,EUR,Tuscan,European
NA20763,TSI,EUR,Tuscan,European
NA20764,TSI,EUR,Tuscan,European
NA20765,TSI,EUR,Tuscan,European
NA20766,TSI,EUR,Tuscan,European
NA20767,TSI,EUR,Tuscan,European
NA20768,TSI,EUR,Tuscan,European
NA20769,TSI,EUR,Tuscan,European
NA20770,TSI,EUR,Tuscan,European
NA20771,TSI,EUR,Tuscan,European
NA20772,TSI,EUR,Tuscan,European
NA20773,TSI,EUR,Tuscan,European
NA20774,TSI,EUR,Tuscan,European
NA20775,TSI,EUR,Tuscan,European
NA20778,TSI,EUR,Tuscan,European
NA20783,TSI,EUR,Tuscan,European
NA20785,TSI,EUR,Tuscan,European
NA20786,TSI,EUR,Tuscan,European
NA20787,TSI,EUR,Tuscan,European
NA20790,TSI,EUR,Tuscan,European
NA20792,TSI,EUR,Tuscan,European
NA20795,TSI,EUR,Tuscan,European
NA20796,TSI,EUR,Tuscan,European
NA20797,TSI,EUR,Tuscan,European
NA20798,TSI,EUR,Tuscan,European
NA20799,TSI,EUR,Tuscan,European
NA20800,TSI,EUR,Tuscan,European
NA20801,TSI,EUR,Tuscan,European
NA20802,TSI,EUR,Tuscan,European
NA20803,TSI,EUR,Tuscan,European
NA20804,TSI,EUR,Tuscan,European
NA20805,TSI,EUR,Tuscan,European
NA20806,TSI,EUR,Tuscan,European
NA20807,TSI,EUR,Tuscan,European
NA20808,TSI,EUR,Tuscan,European
NA20809,TSI,EUR,Tuscan,European
NA20810,TSI,EUR,Tuscan,European
NA20811,TSI,EUR,Tuscan,European
NA20812,TSI,EUR,Tuscan,European
NA20813,TSI,EUR,Tuscan,European
NA20814,TSI,EUR,Tuscan,European
NA20815,TSI,EUR,Tuscan,European
NA20818,TSI,EUR,Tuscan,European
NA20819,TSI,EUR,Tuscan,European
NA20821,TSI,EUR,Tuscan,European
NA20822,TSI,EUR,Tuscan,European
NA20826,TSI,EUR,Tuscan,European
NA20827,TSI,EUR,Tuscan,European
NA20828,TSI,EUR,Tuscan,European
NA20832,TSI,EUR,Tuscan,European
NA20845,GIH,SAS,Gujarati,South Asian
NA20846,GIH,SAS,Gujarati,South Asian
NA20847,GIH,SAS,Gujarati,South Asian
NA20849,GIH,SAS,Gujarati,South Asian
NA20850,GIH,SAS,Gujarati,South Asian
NA20851,GIH,SAS,Gujarati,South Asian
NA20852,GIH,SAS,Gujarati,South Asian
NA20853,GIH,SAS,Gujarati,South Asian
NA20854,GIH,SAS,Gujarati,South Asian
NA20856,GIH,SAS,Gujarati,South Asian
NA20858,GIH,SAS,Gujarati,South Asian
NA20859,GIH,SAS,Gujarati,South Asian
NA20861,GIH,SAS,Gujarati,South Asian
NA20862,GIH,SAS,Gujarati,South Asian
NA20863,GIH,SAS,Gujarati,South Asian
NA20864,GIH,SAS,Gujarati,South Asian
NA20866,GIH,SAS,Gujarati,South Asian
NA20867,GIH,SAS,Gujarati,South Asian
NA20868,GIH,SAS,Gujarati,South Asian
NA20869,GIH,SAS,Gujarati,South Asian
NA20870,GIH,SAS,Gujarati,South Asian
NA20872,GIH,SAS,Gujarati,South Asian
NA20874,GIH,SAS,Gujarati,South Asian
NA20875,GIH,SAS,Gujarati,South Asian
NA20876,GIH,SAS,Gujarati,South Asian
NA20877,GIH,SAS,Gujarati,South Asian
NA20878,GIH,SAS,Gujarati,South Asian
NA20881,GIH,SAS,Gujarati,South Asian
NA20882,GIH,SAS,Gujarati,South Asian
NA20884,GIH,SAS,Gujarati,South Asian
NA20885,GIH,SAS,Gujarati,South Asian
NA20886,GIH,SAS,Gujarati,South Asian
NA20887,GIH,SAS,Gujarati,South Asian
NA20888,GIH,SAS,Gujarati,South Asian
NA20889,GIH,SAS,Gujarati,South Asian
NA20890,GIH,SAS,Gujarati,South Asian
NA20891,GIH,SAS,Gujarati,South Asian
NA20892,GIH,SAS,Gujarati,South Asian
NA20894,GIH,SAS,Gujarati,South Asian
NA20895,GIH,SAS,Gujarati,South Asian
NA20896,GIH,SAS,Gujarati,South Asian
NA20897,GIH,SAS,Gujarati,South Asian
NA20899,GIH,SAS,Gujarati,South Asian
NA20900,GIH,SAS,Gujarati,South Asian
NA20901,GIH,SAS,Gujarati,South Asian
NA20902,GIH,SAS,Gujarati,South Asian
NA20903,GIH,SAS,Gujarati,South Asian
NA20904,GIH,SAS,Gujarati,South Asian
NA20905,GIH,SAS,Gujarati,South Asian
NA20906,GIH,SAS,Gujarati,South Asian
NA20908,GIH,SAS,Gujarati,South Asian
NA20910,GIH,SAS,Gujarati,South Asian
NA20911,GIH,SAS,Gujarati,South Asian
NA21086,GIH,SAS,Gujarati,South Asian
NA21087,GIH,SAS,Gujarati,South Asian
NA21088,GIH,SAS,Gujarati,South Asian
NA21089,GIH,SAS,Gujarati,South Asian
NA21090,GIH,SAS,Gujarati,South Asian
NA21091,GIH,SAS,Gujarati,South Asian
NA21092,GIH,SAS,Gujarati,South Asian
NA21093,GIH,SAS,Gujarati,South Asian
NA21094,GIH,SAS,Gujarati,South Asian
NA21095,GIH,SAS,Gujarati,South Asian
NA21097,GIH,SAS,Gujarati,South Asian
NA21098,GIH,SAS,Gujarati,South Asian
NA21099,GIH,SAS,Gujarati,South Asian
NA21100,GIH,SAS,Gujarati,South Asian
NA21101,GIH,SAS,Gujarati,South Asian
NA21102,GIH,SAS,Gujarati,South Asian
NA21103,GIH,SAS,Gujarati,South Asian
NA21104,GIH,SAS,Gujarati,South Asian
NA21105,GIH,SAS,Gujarati,South Asian
NA21106,GIH,SAS,Gujarati,South Asian
NA21107,GIH,SAS,Gujarati,South Asian
NA21108,GIH,SAS,Gujarati,South Asian
NA21109,GIH,SAS,Gujarati,South Asian
NA21110,GIH,SAS,Gujarati,South Asian
NA21111,GIH,SAS,Gujarati,South Asian
NA21112,GIH,SAS,Gujarati,South Asian
NA21113,GIH,SAS,Gujarati,South Asian
NA21114,GIH,SAS,Gujarati,South Asian
NA21115,GIH,SAS,Gujarati,South Asian
NA21116,GIH,SAS,Gujarati,South Asian
NA21117,GIH,SAS,Gujarati,South Asian
NA21118,GIH,SAS,Gujarati,South Asian
NA21119,GIH,SAS,Gujarati,South Asian
NA21120,GIH,SAS,Gujarati,South Asian
NA21122,GIH,SAS,Gujarati,South Asian
NA21123,GIH,SAS,Gujarati,South Asian
NA21124,GIH,SAS,Gujarati,South Asian
NA21125,GIH,SAS,Gujarati,South Asian
NA21126,GIH,SAS,Gujarati,South Asian
NA21127,GIH,SAS,Gujarati,South Asian
NA21128,GIH,SAS,Gujarati,South Asian
NA21129,GIH,SAS,Gujarati,South Asian
NA21130,GIH,SAS,Gujarati,South Asian
NA21133,GIH,SAS,Gujarati,South Asian
NA21135,GIH,SAS,Gujarati,South Asian
NA21137,GIH,SAS,Gujarati,South Asian
NA21141,GIH,SAS,Gujarati,South Asian
NA21142,GIH,SAS,Gujarati,South Asian
NA21143,GIH,SAS,Gujarati,South Asian
NA21144,GIH,SAS,Gujarati,South Asian
